Date,Temperature,Humidity,Pressure,Wind Speed,Rainfall,Weather Condition,Year,Month,Day,Week,DayOfWeek,IsWeekend,Weather_Condition_Code,Dew_Point,Sin_Month,Cos_Month
2020-01-01,9.93,71.15,1018.18,7.26,0.0,Clear,2020,1,1,1,2,0,0,4.160000000000001,0.49999999999999994,0.8660254037844387
2020-01-02,7.84,97.62,1010.87,14.8,3.3074999999999997,Rainy,2020,1,2,1,3,0,3,7.364000000000001,0.49999999999999994,0.8660254037844387
2020-01-03,10.31,80.8,1016.35,21.8,0.0,Cloudy,2020,1,3,1,4,0,1,6.47,0.49999999999999994,0.8660254037844387
2020-01-04,13.07,80.04,1017.22,11.05,0.0,Cloudy,2020,1,4,1,5,1,1,9.078000000000001,0.49999999999999994,0.8660254037844387
2020-01-05,7.41,90.9,1015.93,9.37,0.0,Foggy,2020,1,5,1,6,1,2,5.590000000000002,0.49999999999999994,0.8660254037844387
2020-01-06,7.38,86.17,1003.37,9.18,3.3074999999999997,Rainy,2020,1,6,2,0,0,3,4.614000000000001,0.49999999999999994,0.8660254037844387
2020-01-07,13.15,89.33,1015.99,3.09,0.0,Foggy,2020,1,7,2,1,0,2,11.016,0.49999999999999994,0.8660254037844387
2020-01-08,10.52,84.51,1028.7,12.62,0.0,Cloudy,2020,1,8,2,2,0,1,7.422000000000001,0.49999999999999994,0.8660254037844387
2020-01-09,6.54,78.3,1013.86,9.59,0.0,Cloudy,2020,1,9,2,3,0,1,2.1999999999999993,0.49999999999999994,0.8660254037844387
2020-01-10,9.77,85.78,1011.17,10.94,3.3074999999999997,Rainy,2020,1,10,2,4,0,3,6.926,0.49999999999999994,0.8660254037844387
2020-01-11,6.53,72.99,1018.26,6.55,0.0,Clear,2020,1,11,2,5,1,0,1.1279999999999992,0.49999999999999994,0.8660254037844387
2020-01-12,6.52,85.52,1017.9,7.59,0.0,Cloudy,2020,1,12,2,6,1,1,3.6239999999999988,0.49999999999999994,0.8660254037844387
2020-01-13,8.78,82.52,1022.84,7.5,0.0,Cloudy,2020,1,13,3,0,0,1,5.283999999999999,0.49999999999999994,0.8660254037844387
2020-01-14,1.88,85.6,1009.17,14.29,3.3074999999999997,Thunderstorm,2020,1,14,3,1,0,5,-1.0000000000000013,0.49999999999999994,0.8660254037844387
2020-01-15,2.48,85.98,1021.02,7.61,0.0,Cloudy,2020,1,15,3,2,0,1,-0.3239999999999994,0.49999999999999994,0.8660254037844387
2020-01-16,6.21,65.83,1019.61,23.04,0.0,Clear,2020,1,16,3,3,0,0,-0.6240000000000006,0.49999999999999994,0.8660254037844387
2020-01-17,4.78,80.17,1015.43,10.96,0.0,Cloudy,2020,1,17,3,4,0,1,0.8140000000000005,0.49999999999999994,0.8660254037844387
2020-01-18,9.04,83.6,1017.68,5.08,0.0,Cloudy,2020,1,18,3,5,1,1,5.759999999999998,0.49999999999999994,0.8660254037844387
2020-01-19,5.15,86.99,1022.4,8.52,3.3074999999999997,Rainy,2020,1,19,3,6,1,3,2.547999999999999,0.49999999999999994,0.8660254037844387
2020-01-20,3.56,76.23,1021.7,6.73,1.82,Rainy,2020,1,20,4,0,0,3,-1.1939999999999995,0.49999999999999994,0.8660254037844387
2020-01-21,12.8,92.7,1008.22,3.36,3.3074999999999997,Rainy,2020,1,21,4,1,0,3,11.340000000000002,0.49999999999999994,0.8660254037844387
2020-01-22,7.42,75.14,1013.56,18.54,0.0,Cloudy,2020,1,22,4,2,0,1,2.4480000000000004,0.49999999999999994,0.8660254037844387
2020-01-23,8.39,92.82,1015.35,12.38,0.0,Foggy,2020,1,23,4,3,0,2,6.953999999999999,0.49999999999999994,0.8660254037844387
2020-01-24,3.66,90.71,1016.89,11.47,3.3074999999999997,Rainy,2020,1,24,4,4,0,3,1.801999999999999,0.49999999999999994,0.8660254037844387
2020-01-25,6.52,77.97,1016.46,9.72,0.0,Cloudy,2020,1,25,4,5,1,1,2.113999999999999,0.49999999999999994,0.8660254037844387
2020-01-26,8.67,98.0,1014.8,4.85,0.0,Foggy,2020,1,26,4,6,1,2,8.27,0.49999999999999994,0.8660254037844387
2020-01-27,4.68,73.79,1023.45,7.26,0.0,Clear,2020,1,27,5,0,0,0,-0.5619999999999994,0.49999999999999994,0.8660254037844387
2020-01-28,9.62,91.46,1015.05,13.18,0.0,Foggy,2020,1,28,5,1,0,2,7.911999999999998,0.49999999999999994,0.8660254037844387
2020-01-29,6.56,94.41,1009.3,5.62,3.3074999999999997,Rainy,2020,1,29,5,2,0,3,5.441999999999998,0.49999999999999994,0.8660254037844387
2020-01-30,7.61,76.97,1013.5,2.89,0.0,Cloudy,2020,1,30,5,3,0,1,3.0040000000000004,0.49999999999999994,0.8660254037844387
2020-01-31,6.69,98.0,1017.07,8.15,0.0,Foggy,2020,1,31,5,4,0,2,6.29,0.49999999999999994,0.8660254037844387
2020-02-01,14.61,76.27,1022.18,8.47,0.0,Cloudy,2020,2,1,5,5,1,1,9.863999999999999,0.8660254037844386,0.5000000000000001
2020-02-02,8.72,85.78,1019.31,9.59,0.0,Cloudy,2020,2,2,5,6,1,1,5.876000000000001,0.8660254037844386,0.5000000000000001
2020-02-03,5.46,87.78,1011.08,12.53,3.3074999999999997,Rainy,2020,2,3,6,0,0,3,3.016,0.8660254037844386,0.5000000000000001
2020-02-04,11.56,79.56,1030.18,12.02,0.0,Cloudy,2020,2,4,6,1,0,1,7.472000000000001,0.8660254037844386,0.5000000000000001
2020-02-05,5.11,93.53,1017.82,10.14,0.0,Foggy,2020,2,5,6,2,0,2,3.8160000000000007,0.8660254037844386,0.5000000000000001
2020-02-06,9.77,90.1,1023.19,15.46,0.0,Foggy,2020,2,6,6,3,0,2,7.789999999999998,0.8660254037844386,0.5000000000000001
2020-02-07,2.93,69.46,1015.65,4.56,0.0,Clear,2020,2,7,6,4,0,0,-3.1780000000000013,0.8660254037844386,0.5000000000000001
2020-02-08,5.05,73.59,1019.44,11.33,0.0,Foggy,2020,2,8,6,5,1,2,-0.23199999999999932,0.8660254037844386,0.5000000000000001
2020-02-09,10.04,65.35,1020.53,11.96,3.3074999999999997,Rainy,2020,2,9,6,6,1,3,3.1099999999999977,0.8660254037844386,0.5000000000000001
2020-02-10,11.88,91.01,1022.53,5.17,0.0,Foggy,2020,2,10,7,0,0,2,10.082000000000003,0.8660254037844386,0.5000000000000001
2020-02-11,10.17,93.15,1021.82,4.59,0.0,Foggy,2020,2,11,7,1,0,2,8.8,0.8660254037844386,0.5000000000000001
2020-02-12,9.37,71.53,1020.83,6.45,0.0,Clear,2020,2,12,7,2,0,0,3.6759999999999993,0.8660254037844386,0.5000000000000001
2020-02-13,8.89,78.67,1013.78,6.7,0.0,Cloudy,2020,2,13,7,3,0,1,4.6240000000000006,0.8660254037844386,0.5000000000000001
2020-02-14,5.25,74.27,1012.78,12.67,0.0,Clear,2020,2,14,7,4,0,0,0.1039999999999992,0.8660254037844386,0.5000000000000001
2020-02-15,7.8,81.39,1017.83,6.84,0.0,Cloudy,2020,2,15,7,5,1,1,4.077999999999999,0.8660254037844386,0.5000000000000001
2020-02-16,8.76,79.79,1021.28,6.14,0.0,Cloudy,2020,2,16,7,6,1,1,4.718000000000001,0.8660254037844386,0.5000000000000001
2020-02-17,13.75,87.17,1013.6,6.85,0.0,Cloudy,2020,2,17,8,0,0,1,11.184000000000001,0.8660254037844386,0.5000000000000001
2020-02-18,11.6,93.98,1021.65,14.93,0.0,Foggy,2020,2,18,8,1,0,2,10.396,0.8660254037844386,0.5000000000000001
2020-02-19,5.0,98.0,1024.97,9.08,0.0,Foggy,2020,2,19,8,2,0,2,4.6,0.8660254037844386,0.5000000000000001
2020-02-20,11.82,75.1,1009.73,8.33,3.3074999999999997,Rainy,2020,2,20,8,3,0,3,6.839999999999999,0.8660254037844386,0.5000000000000001
2020-02-21,9.69,80.12,1010.52,8.59,3.3074999999999997,Thunderstorm,2020,2,21,8,4,0,5,5.714,0.8660254037844386,0.5000000000000001
2020-02-22,8.91,65.93,1014.82,16.14,0.0,Clear,2020,2,22,8,5,1,0,2.096000000000002,0.8660254037844386,0.5000000000000001
2020-02-23,13.19,71.71,1016.87,6.44,0.0,Clear,2020,2,23,8,6,1,0,7.531999999999998,0.8660254037844386,0.5000000000000001
2020-02-24,14.68,88.37,1011.65,16.31,3.3074999999999997,Rainy,2020,2,24,9,0,0,3,12.354000000000001,0.8660254037844386,0.5000000000000001
2020-02-25,14.52,94.99,1022.94,9.92,3.3074999999999997,Thunderstorm,2020,2,25,9,1,0,5,13.517999999999999,0.8660254037844386,0.5000000000000001
2020-02-26,9.02,70.34,1018.19,8.4,0.0,Clear,2020,2,26,9,2,0,0,3.088,0.8660254037844386,0.5000000000000001
2020-02-27,10.88,75.46,1015.6,26.843750000000004,0.0,Cloudy,2020,2,27,9,3,0,1,5.9719999999999995,0.8660254037844386,0.5000000000000001
2020-02-28,13.1,79.57,1006.42,5.61,0.75,Rainy,2020,2,28,9,4,0,3,9.014,0.8660254037844386,0.5000000000000001
2020-02-29,15.33,81.07,1006.81,7.7,0.0,Cloudy,2020,2,29,9,5,1,1,11.543999999999999,0.8660254037844386,0.5000000000000001
2020-03-01,10.85,73.31,1017.06,5.18,0.0,Clear,2020,3,1,9,6,1,0,5.5120000000000005,1.0,6.123233995736766e-17
2020-03-02,11.96,84.87,1002.41,13.85,0.0,Cloudy,2020,3,2,10,0,0,1,8.934000000000001,1.0,6.123233995736766e-17
2020-03-03,9.2,77.82,1021.7,19.3,0.0,Cloudy,2020,3,3,10,1,0,1,4.763999999999998,1.0,6.123233995736766e-17
2020-03-04,9.09,82.49,1014.69,19.13,0.0,Cloudy,2020,3,4,10,2,0,1,5.587999999999999,1.0,6.123233995736766e-17
2020-03-05,15.7,83.47,1034.1,15.65,0.0,Cloudy,2020,3,5,10,3,0,1,12.393999999999998,1.0,6.123233995736766e-17
2020-03-06,17.63,76.72,1028.2,8.26,0.0,Cloudy,2020,3,6,10,4,0,1,12.973999999999998,1.0,6.123233995736766e-17
2020-03-07,13.25,75.36,1013.92,7.66,0.0,Cloudy,2020,3,7,10,5,1,1,8.322,1.0,6.123233995736766e-17
2020-03-08,16.89,76.08,1013.83,4.25,0.0,Cloudy,2020,3,8,10,6,1,1,12.106,1.0,6.123233995736766e-17
2020-03-09,15.03,77.6,1020.72,22.56,0.0,Cloudy,2020,3,9,11,0,0,1,10.549999999999997,1.0,6.123233995736766e-17
2020-03-10,12.0,76.9,1025.42,11.15,0.0,Cloudy,2020,3,10,11,1,0,1,7.380000000000001,1.0,6.123233995736766e-17
2020-03-11,15.42,75.62,1004.86,7.23,0.0,Cloudy,2020,3,11,11,2,0,1,10.544,1.0,6.123233995736766e-17
2020-03-12,19.39,91.41,1003.37,16.41,0.0,Cloudy,2020,3,12,11,3,0,1,17.672,1.0,6.123233995736766e-17
2020-03-13,14.56,84.42,1011.08,5.83,3.3074999999999997,Rainy,2020,3,13,11,4,0,3,11.444,1.0,6.123233995736766e-17
2020-03-14,19.89,72.12,1017.51,10.84,0.0,Clear,2020,3,14,11,5,1,0,14.314000000000002,1.0,6.123233995736766e-17
2020-03-15,6.7,91.28,1018.98,8.35,0.0,Foggy,2020,3,15,11,6,1,2,4.956,1.0,6.123233995736766e-17
2020-03-16,17.93,73.11,1020.73,12.03,0.0,Clear,2020,3,16,12,0,0,0,12.552,1.0,6.123233995736766e-17
2020-03-17,15.79,89.68,1007.43,8.77,3.3074999999999997,Rainy,2020,3,17,12,1,0,3,13.726,1.0,6.123233995736766e-17
2020-03-18,14.77,82.36,1000.89,4.7,0.0,Cloudy,2020,3,18,12,2,0,1,11.241999999999999,1.0,6.123233995736766e-17
2020-03-19,16.23,76.57,1019.71,9.34,0.0,Cloudy,2020,3,19,12,3,0,1,11.543999999999999,1.0,6.123233995736766e-17
2020-03-20,9.8,86.62,1010.56,14.47,3.3074999999999997,Rainy,2020,3,20,12,4,0,3,7.124000000000001,1.0,6.123233995736766e-17
2020-03-21,15.68,62.32,1002.54,8.91,0.0,Cloudy,2020,3,21,12,5,1,1,8.144,1.0,6.123233995736766e-17
2020-03-22,17.74,65.31,1015.21,12.79,0.0,Clear,2020,3,22,12,6,1,0,10.802,1.0,6.123233995736766e-17
2020-03-23,21.55,61.98,1018.53,5.64,0.0,Clear,2020,3,23,13,0,0,0,13.946,1.0,6.123233995736766e-17
2020-03-24,15.39,79.66,1013.96,8.92,0.0,Cloudy,2020,3,24,13,1,0,1,11.322,1.0,6.123233995736766e-17
2020-03-25,14.69,96.04,1012.05,6.81,3.3074999999999997,Rainy,2020,3,25,13,2,0,3,13.898000000000001,1.0,6.123233995736766e-17
2020-03-26,15.9,98.0,1013.66,12.63,0.0,Cloudy,2020,3,26,13,3,0,1,15.5,1.0,6.123233995736766e-17
2020-03-27,20.66,80.92,1011.68,9.15,0.0,Cloudy,2020,3,27,13,4,0,1,16.844,1.0,6.123233995736766e-17
2020-03-28,19.01,80.7,1006.06,12.31,0.0,Cloudy,2020,3,28,13,5,1,1,15.150000000000002,1.0,6.123233995736766e-17
2020-03-29,16.5,59.44,1010.24,14.72,0.0,Clear,2020,3,29,13,6,1,0,8.388,1.0,6.123233995736766e-17
2020-03-30,20.07,69.52,1017.12,12.32,0.0,Clear,2020,3,30,14,0,0,0,13.974,1.0,6.123233995736766e-17
2020-03-31,18.97,67.84,1016.08,10.21,3.3074999999999997,Rainy,2020,3,31,14,1,0,3,12.538,1.0,6.123233995736766e-17
2020-04-01,21.99,67.4,1014.71,5.76,0.0,Clear,2020,4,1,14,2,0,0,15.469999999999999,0.8660254037844387,-0.4999999999999998
2020-04-02,16.88,75.5,1008.5,9.01,0.0,Cloudy,2020,4,2,14,3,0,1,11.979999999999999,0.8660254037844387,-0.4999999999999998
2020-04-03,18.32,71.46,1013.16,7.1,0.0,Clear,2020,4,3,14,4,0,0,12.611999999999998,0.8660254037844387,-0.4999999999999998
2020-04-04,18.35,56.36,1001.19,7.73,3.3074999999999997,Rainy,2020,4,4,14,5,1,3,9.622000000000002,0.8660254037844387,-0.4999999999999998
2020-04-05,15.16,85.87,1015.8,7.63,0.0,Cloudy,2020,4,5,14,6,1,1,12.334000000000001,0.8660254037844387,-0.4999999999999998
2020-04-06,21.03,63.55,1022.42,5.81,0.0,Clear,2020,4,6,15,0,0,0,13.74,0.8660254037844387,-0.4999999999999998
2020-04-07,21.15,76.59,1004.98,3.74,3.3074999999999997,Rainy,2020,4,7,15,1,0,3,16.468,0.8660254037844387,-0.4999999999999998
2020-04-08,20.57,95.34,1010.4,6.68,0.0,Cloudy,2020,4,8,15,2,0,1,19.638,0.8660254037844387,-0.4999999999999998
2020-04-09,20.05,65.77,1015.97,9.85,0.0,Clear,2020,4,9,15,3,0,0,13.204,0.8660254037844387,-0.4999999999999998
2020-04-10,16.51,52.14,1022.04,4.92,0.0,Clear,2020,4,10,15,4,0,0,6.938000000000002,0.8660254037844387,-0.4999999999999998
2020-04-11,19.93,72.19,1011.32,9.09,0.0,Clear,2020,4,11,15,5,1,0,14.367999999999999,0.8660254037844387,-0.4999999999999998
2020-04-12,20.42,85.72,1009.78,21.22,3.3074999999999997,Rainy,2020,4,12,15,6,1,3,17.564,0.8660254037844387,-0.4999999999999998
2020-04-13,19.19,95.15,1002.31,14.3,3.3074999999999997,Rainy,2020,4,13,16,0,0,3,18.220000000000002,0.8660254037844387,-0.4999999999999998
2020-04-14,21.48,61.67,1014.4,18.91,0.0,Clear,2020,4,14,16,1,0,0,13.814,0.8660254037844387,-0.4999999999999998
2020-04-15,23.53,77.5,1025.72,10.76,0.0,Cloudy,2020,4,15,16,2,0,1,19.03,0.8660254037844387,-0.4999999999999998
2020-04-16,28.52,64.38,1014.39,15.26,0.0,Clear,2020,4,16,16,3,0,0,21.396,0.8660254037844387,-0.4999999999999998
2020-04-17,23.28,71.64,1013.37,6.52,0.0,Clear,2020,4,17,16,4,0,0,17.608,0.8660254037844387,-0.4999999999999998
2020-04-18,23.79,98.0,1015.36,6.75,0.0,Cloudy,2020,4,18,16,5,1,1,23.39,0.8660254037844387,-0.4999999999999998
2020-04-19,22.97,57.89,1013.49,2.63,0.0,Clear,2020,4,19,16,6,1,0,14.547999999999998,0.8660254037844387,-0.4999999999999998
2020-04-20,17.3,79.43,1009.53,15.39,0.0,Cloudy,2020,4,20,17,0,0,1,13.186000000000002,0.8660254037844387,-0.4999999999999998
2020-04-21,23.6,77.16,1018.4,18.05,0.0,Cloudy,2020,4,21,17,1,0,1,19.032,0.8660254037844387,-0.4999999999999998
2020-04-22,24.11,82.98,1014.74,7.04,3.3074999999999997,Rainy,2020,4,22,17,2,0,3,20.706,0.8660254037844387,-0.4999999999999998
2020-04-23,32.04,67.55,1012.3,8.05,0.0,Sunny,2020,4,23,17,3,0,4,25.549999999999997,0.8660254037844387,-0.4999999999999998
2020-04-24,23.78,75.43,1007.58,6.43,3.3074999999999997,Rainy,2020,4,24,17,4,0,3,18.866000000000003,0.8660254037844387,-0.4999999999999998
2020-04-25,25.6,67.16,1020.98,10.72,0.0,Clear,2020,4,25,17,5,1,0,19.032,0.8660254037844387,-0.4999999999999998
2020-04-26,24.76,74.36,1017.27,14.97,0.0,Clear,2020,4,26,17,6,1,0,19.632,0.8660254037844387,-0.4999999999999998
2020-04-27,21.37,70.61,1010.48,4.12,3.3074999999999997,Rainy,2020,4,27,18,0,0,3,15.492,0.8660254037844387,-0.4999999999999998
2020-04-28,29.0,74.92,1018.66,10.85,0.0,Clear,2020,4,28,18,1,0,0,23.984,0.8660254037844387,-0.4999999999999998
2020-04-29,27.98,65.72,1009.82,7.97,0.0,Clear,2020,4,29,18,2,0,0,21.124000000000002,0.8660254037844387,-0.4999999999999998
2020-04-30,28.34,72.93,1008.06,9.5,3.3074999999999997,Rainy,2020,4,30,18,3,0,3,22.926000000000002,0.8660254037844387,-0.4999999999999998
2020-05-01,23.13,72.52,1008.97,11.1,3.3074999999999997,Rainy,2020,5,1,18,4,0,3,17.634,0.49999999999999994,-0.8660254037844387
2020-05-02,30.76,78.73,1001.76,8.29,0.8,Rainy,2020,5,2,18,5,1,3,26.506,0.49999999999999994,-0.8660254037844387
2020-05-03,22.01,73.08,1016.53,8.61,0.0,Clear,2020,5,3,18,6,1,0,16.626,0.49999999999999994,-0.8660254037844387
2020-05-04,28.6,51.25,1001.72,8.2,0.0,Cloudy,2020,5,4,19,0,0,1,18.85,0.49999999999999994,-0.8660254037844387
2020-05-05,33.96,77.85,1004.54,13.97,0.0,Cloudy,2020,5,5,19,1,0,1,29.53,0.49999999999999994,-0.8660254037844387
2020-05-06,24.01,63.14,1000.94,10.9,0.0,Cloudy,2020,5,6,19,2,0,1,16.638,0.49999999999999994,-0.8660254037844387
2020-05-07,25.59,64.55,1012.65,9.97,0.0,Clear,2020,5,7,19,3,0,0,18.5,0.49999999999999994,-0.8660254037844387
2020-05-08,27.94,63.49,1011.91,5.09,0.0,Clear,2020,5,8,19,4,0,0,20.638,0.49999999999999994,-0.8660254037844387
2020-05-09,26.23,84.38,1011.11,7.61,3.3074999999999997,Rainy,2020,5,9,19,5,1,3,23.105999999999998,0.49999999999999994,-0.8660254037844387
2020-05-10,23.1,51.47,1007.28,13.52,0.0,Cloudy,2020,5,10,19,6,1,1,13.394000000000002,0.49999999999999994,-0.8660254037844387
2020-05-11,28.49,98.0,1005.69,9.18,0.0,Cloudy,2020,5,11,20,0,0,1,28.09,0.49999999999999994,-0.8660254037844387
2020-05-12,25.09,82.0,1016.02,12.14,0.0,Cloudy,2020,5,12,20,1,0,1,21.49,0.49999999999999994,-0.8660254037844387
2020-05-13,30.22,70.08,1009.16,19.98,0.0,Sunny,2020,5,13,20,2,0,4,24.235999999999997,0.49999999999999994,-0.8660254037844387
2020-05-14,25.97,70.27,1015.0,14.4,0.0,Clear,2020,5,14,20,3,0,0,20.023999999999997,0.49999999999999994,-0.8660254037844387
2020-05-15,34.08,68.0,1006.58,9.41,3.3074999999999997,Rainy,2020,5,15,20,4,0,3,27.68,0.49999999999999994,-0.8660254037844387
2020-05-16,26.82,75.44,1014.06,7.17,3.3074999999999997,Rainy,2020,5,16,20,5,1,3,21.908,0.49999999999999994,-0.8660254037844387
2020-05-17,28.5,75.5,1020.54,2.86,0.0,Cloudy,2020,5,17,20,6,1,1,23.6,0.49999999999999994,-0.8660254037844387
2020-05-18,32.34,71.92,1015.67,8.37,0.0,Sunny,2020,5,18,21,0,0,4,26.724000000000004,0.49999999999999994,-0.8660254037844387
2020-05-19,26.0,71.7,1010.63,7.79,3.3074999999999997,Rainy,2020,5,19,21,1,0,3,20.34,0.49999999999999994,-0.8660254037844387
2020-05-20,30.86,65.42,1013.91,10.76,0.0,Sunny,2020,5,20,21,2,0,4,23.944,0.49999999999999994,-0.8660254037844387
2020-05-21,34.51,63.33,1010.38,8.42,0.0,Sunny,2020,5,21,21,3,0,4,27.176,0.49999999999999994,-0.8660254037844387
2020-05-22,25.37,69.29,1013.24,7.81,0.0,Clear,2020,5,22,21,4,0,0,19.228,0.49999999999999994,-0.8660254037844387
2020-05-23,31.3,78.43,1010.35,4.05,3.3074999999999997,Rainy,2020,5,23,21,5,1,3,26.986000000000004,0.49999999999999994,-0.8660254037844387
2020-05-24,31.73,72.72,1011.25,5.91,3.3074999999999997,Rainy,2020,5,24,21,6,1,3,26.274,0.49999999999999994,-0.8660254037844387
2020-05-25,33.58,36.09,1013.24,11.18,0.0,Sunny,2020,5,25,22,0,0,4,20.798,0.49999999999999994,-0.8660254037844387
2020-05-26,27.3,76.45,1006.94,19.53,1.91,Rainy,2020,5,26,22,1,0,3,22.590000000000003,0.49999999999999994,-0.8660254037844387
2020-05-27,27.22,71.89,1006.82,8.64,3.3074999999999997,Rainy,2020,5,27,22,2,0,3,21.598,0.49999999999999994,-0.8660254037844387
2020-05-28,33.29,65.51,1003.68,10.46,0.0,Cloudy,2020,5,28,22,3,0,1,26.392,0.49999999999999994,-0.8660254037844387
2020-05-29,32.74,62.2,1002.49,13.85,0.0,Cloudy,2020,5,29,22,4,0,1,25.180000000000003,0.49999999999999994,-0.8660254037844387
2020-05-30,32.76,77.31,1004.78,6.27,3.3074999999999997,Rainy,2020,5,30,22,5,1,3,28.221999999999998,0.49999999999999994,-0.8660254037844387
2020-05-31,33.24,75.21,1012.97,10.64,0.0,Cloudy,2020,5,31,22,6,1,1,28.282,0.49999999999999994,-0.8660254037844387
2020-06-01,30.12,60.19,1007.13,6.47,0.0,Cloudy,2020,6,1,23,0,0,1,22.158,1.2246467991473532e-16,-1.0
2020-06-02,33.2,69.83,1015.1,13.32,3.3074999999999997,Rainy,2020,6,2,23,1,0,3,27.166000000000004,1.2246467991473532e-16,-1.0
2020-06-03,33.55,55.8,1012.18,9.66,0.0,Sunny,2020,6,3,23,2,0,4,24.709999999999997,1.2246467991473532e-16,-1.0
2020-06-04,30.49,53.86,1000.62,10.32,3.3074999999999997,Thunderstorm,2020,6,4,23,3,0,5,21.262,1.2246467991473532e-16,-1.0
2020-06-05,38.89,55.51,1015.1,6.35,0.0,Sunny,2020,6,5,23,4,0,4,29.992,1.2246467991473532e-16,-1.0
2020-06-06,34.59,73.41,1016.68,12.41,0.0,Sunny,2020,6,6,23,5,1,4,29.272000000000002,1.2246467991473532e-16,-1.0
2020-06-07,29.41,77.94,1006.63,23.06,2.99,Rainy,2020,6,7,23,6,1,3,24.997999999999998,1.2246467991473532e-16,-1.0
2020-06-08,35.46,69.31,1014.2,5.73,0.0,Sunny,2020,6,8,24,0,0,4,29.322000000000003,1.2246467991473532e-16,-1.0
2020-06-09,30.38,74.98,1007.3,7.75,0.0,Cloudy,2020,6,9,24,1,0,1,25.375999999999998,1.2246467991473532e-16,-1.0
2020-06-10,36.16,68.85,1012.16,10.02,0.0,Sunny,2020,6,10,24,2,0,4,29.929999999999996,1.2246467991473532e-16,-1.0
2020-06-11,37.48,56.35,1003.79,12.86,0.0,Cloudy,2020,6,11,24,3,0,1,28.749999999999996,1.2246467991473532e-16,-1.0
2020-06-12,31.27,73.59,1001.55,7.02,3.3074999999999997,Rainy,2020,6,12,24,4,0,3,25.988,1.2246467991473532e-16,-1.0
2020-06-13,37.11,71.03,1009.14,2.52,0.0,Sunny,2020,6,13,24,5,1,4,31.316,1.2246467991473532e-16,-1.0
2020-06-14,35.47,71.71,1010.94,16.64,0.0,Sunny,2020,6,14,24,6,1,4,29.811999999999998,1.2246467991473532e-16,-1.0
2020-06-15,36.89,75.07,1009.08,12.71,3.3074999999999997,Thunderstorm,2020,6,15,25,0,0,5,31.904,1.2246467991473532e-16,-1.0
2020-06-16,40.45,67.77,1003.83,4.12,0.0,Cloudy,2020,6,16,25,1,0,1,34.004000000000005,1.2246467991473532e-16,-1.0
2020-06-17,33.7,68.92,1009.55,6.87,0.0,Sunny,2020,6,17,25,2,0,4,27.484,1.2246467991473532e-16,-1.0
2020-06-18,32.18,77.18,1013.79,18.28,0.0,Cloudy,2020,6,18,25,3,0,1,27.616,1.2246467991473532e-16,-1.0
2020-06-19,31.85,66.44,1011.95,17.31,0.0,Sunny,2020,6,19,25,4,0,4,25.138,1.2246467991473532e-16,-1.0
2020-06-20,32.19,57.65,1013.27,13.77,0.0,Sunny,2020,6,20,25,5,1,4,23.72,1.2246467991473532e-16,-1.0
2020-06-21,34.65,63.11,1007.78,8.34,0.0,Cloudy,2020,6,21,25,6,1,1,27.272,1.2246467991473532e-16,-1.0
2020-06-22,36.08,56.29,1018.62,9.37,0.0,Sunny,2020,6,22,26,0,0,4,27.337999999999997,1.2246467991473532e-16,-1.0
2020-06-23,35.96,57.08,1004.55,8.51,0.0,Cloudy,2020,6,23,26,1,0,1,27.376,1.2246467991473532e-16,-1.0
2020-06-24,37.8,61.09,1014.26,14.99,0.0,Sunny,2020,6,24,26,2,0,4,30.017999999999997,1.2246467991473532e-16,-1.0
2020-06-25,35.28,56.38,1018.8,6.09,0.0,Sunny,2020,6,25,26,3,0,4,26.556,1.2246467991473532e-16,-1.0
2020-06-26,39.97,57.94,1013.89,6.28,0.0,Sunny,2020,6,26,26,4,0,4,31.558,1.2246467991473532e-16,-1.0
2020-06-27,34.54,45.89,1010.6,14.22,3.3074999999999997,Rainy,2020,6,27,26,5,1,3,23.718,1.2246467991473532e-16,-1.0
2020-06-28,44.16,60.22,1007.21,8.85,0.0,Cloudy,2020,6,28,26,6,1,1,36.20399999999999,1.2246467991473532e-16,-1.0
2020-06-29,37.52,62.75,1017.59,16.78,0.0,Sunny,2020,6,29,27,0,0,4,30.070000000000004,1.2246467991473532e-16,-1.0
2020-06-30,32.84,57.84,1003.54,6.67,3.24,Rainy,2020,6,30,27,1,0,3,24.408000000000005,1.2246467991473532e-16,-1.0
2020-07-01,32.21,73.05,1006.35,8.81,3.3074999999999997,Thunderstorm,2020,7,1,27,2,0,5,26.82,-0.4999999999999997,-0.8660254037844388
2020-07-02,37.23,72.31,1009.03,5.96,3.3074999999999997,Rainy,2020,7,2,27,3,0,3,31.691999999999997,-0.4999999999999997,-0.8660254037844388
2020-07-03,35.02,48.41,1019.17,9.05,0.0,Sunny,2020,7,3,27,4,0,4,24.702,-0.4999999999999997,-0.8660254037844388
2020-07-04,38.07,54.72,1013.57,4.64,1.63,Rainy,2020,7,4,27,5,1,3,29.014,-0.4999999999999997,-0.8660254037844388
2020-07-05,37.34,55.17,1005.59,7.25,0.0,Cloudy,2020,7,5,27,6,1,1,28.374000000000002,-0.4999999999999997,-0.8660254037844388
2020-07-06,35.63,54.66,1009.79,4.73,0.0,Sunny,2020,7,6,28,0,0,4,26.562,-0.4999999999999997,-0.8660254037844388
2020-07-07,33.18,74.07,1008.34,12.33,2.29,Rainy,2020,7,7,28,1,0,3,27.994,-0.4999999999999997,-0.8660254037844388
2020-07-08,31.07,65.31,1008.08,12.46,0.0,Sunny,2020,7,8,28,2,0,4,24.132,-0.4999999999999997,-0.8660254037844388
2020-07-09,34.51,62.2,1017.7,4.14,0.0,Sunny,2020,7,9,28,3,0,4,26.95,-0.4999999999999997,-0.8660254037844388
2020-07-10,38.7,41.87,1002.96,16.45,0.0,Cloudy,2020,7,10,28,4,0,1,27.074,-0.4999999999999997,-0.8660254037844388
2020-07-11,36.66,69.69,1021.15,26.843750000000004,0.0,Sunny,2020,7,11,28,5,1,4,30.597999999999995,-0.4999999999999997,-0.8660254037844388
2020-07-12,32.0,54.21,1017.17,9.21,0.0,Sunny,2020,7,12,28,6,1,4,22.842,-0.4999999999999997,-0.8660254037844388
2020-07-13,36.55,64.01,1018.06,6.76,0.0,Sunny,2020,7,13,29,0,0,4,29.351999999999997,-0.4999999999999997,-0.8660254037844388
2020-07-14,37.23,65.71,1008.64,26.843750000000004,0.0,Sunny,2020,7,14,29,1,0,4,30.371999999999996,-0.4999999999999997,-0.8660254037844388
2020-07-15,33.17,79.39,1011.12,4.99,3.3074999999999997,Thunderstorm,2020,7,15,29,2,0,5,29.048000000000002,-0.4999999999999997,-0.8660254037844388
2020-07-16,36.49,50.37,1002.93,9.11,0.0,Cloudy,2020,7,16,29,3,0,1,26.564,-0.4999999999999997,-0.8660254037844388
2020-07-17,36.17,33.49,1008.43,9.78,0.0,Sunny,2020,7,17,29,4,0,4,22.868000000000002,-0.4999999999999997,-0.8660254037844388
2020-07-18,32.31,68.22,1015.12,16.53,0.0,Sunny,2020,7,18,29,5,1,4,25.954,-0.4999999999999997,-0.8660254037844388
2020-07-19,37.1,81.04,1019.21,10.61,0.0,Cloudy,2020,7,19,29,6,1,1,33.308,-0.4999999999999997,-0.8660254037844388
2020-07-20,37.73,74.98,1004.7,7.21,3.3074999999999997,Rainy,2020,7,20,30,0,0,3,32.726,-0.4999999999999997,-0.8660254037844388
2020-07-21,39.37,63.54,1008.9,5.88,0.0,Sunny,2020,7,21,30,1,0,4,32.077999999999996,-0.4999999999999997,-0.8660254037844388
2020-07-22,39.25,56.61,1010.2,7.74,0.0,Sunny,2020,7,22,30,2,0,4,30.572,-0.4999999999999997,-0.8660254037844388
2020-07-23,31.43,75.07,1003.91,5.74,0.0,Cloudy,2020,7,23,30,3,0,1,26.444,-0.4999999999999997,-0.8660254037844388
2020-07-24,32.8,56.3,1015.63,9.22,0.0,Sunny,2020,7,24,30,4,0,4,24.059999999999995,-0.4999999999999997,-0.8660254037844388
2020-07-25,37.41,67.58,1007.04,7.0,0.0,Cloudy,2020,7,25,30,5,1,1,30.925999999999995,-0.4999999999999997,-0.8660254037844388
2020-07-26,37.36,67.9,1010.22,4.61,0.0,Sunny,2020,7,26,30,6,1,4,30.94,-0.4999999999999997,-0.8660254037844388
2020-07-27,37.31,73.49,1008.69,15.88,1.02,Rainy,2020,7,27,31,0,0,3,32.008,-0.4999999999999997,-0.8660254037844388
2020-07-28,47.94,83.04,1005.07,7.21,0.64,Rainy,2020,7,28,31,1,0,3,44.548,-0.4999999999999997,-0.8660254037844388
2020-07-29,37.38,66.76,1011.35,5.1,0.0,Sunny,2020,7,29,31,2,0,4,30.732000000000003,-0.4999999999999997,-0.8660254037844388
2020-07-30,39.12,56.53,1009.84,8.37,0.0,Sunny,2020,7,30,31,3,0,4,30.426,-0.4999999999999997,-0.8660254037844388
2020-07-31,38.47,61.82,1009.0,9.31,0.0,Sunny,2020,7,31,31,4,0,4,30.834,-0.4999999999999997,-0.8660254037844388
2020-08-01,37.44,45.1,1007.01,4.11,0.0,Cloudy,2020,8,1,31,5,1,1,26.459999999999997,-0.8660254037844385,-0.5000000000000004
2020-08-02,34.27,58.06,1013.78,10.48,0.0,Sunny,2020,8,2,31,6,1,4,25.882000000000005,-0.8660254037844385,-0.5000000000000004
2020-08-03,37.63,58.57,1021.28,5.63,0.0,Sunny,2020,8,3,32,0,0,4,29.344,-0.8660254037844385,-0.5000000000000004
2020-08-04,32.64,60.91,1012.94,19.49,0.0,Sunny,2020,8,4,32,1,0,4,24.822,-0.8660254037844385,-0.5000000000000004
2020-08-05,34.27,66.53,1017.84,11.42,0.0,Sunny,2020,8,5,32,2,0,4,27.576000000000004,-0.8660254037844385,-0.5000000000000004
2020-08-06,33.39,57.4,1003.65,7.54,0.0,Cloudy,2020,8,6,32,3,0,1,24.87,-0.8660254037844385,-0.5000000000000004
2020-08-07,35.11,75.63,1012.68,6.45,1.13,Rainy,2020,8,7,32,4,0,3,30.235999999999997,-0.8660254037844385,-0.5000000000000004
2020-08-08,42.16,59.49,1004.09,8.61,3.3074999999999997,Thunderstorm,2020,8,8,32,5,1,5,34.05799999999999,-0.8660254037844385,-0.5000000000000004
2020-08-09,28.67,68.84,1003.84,11.89,0.0,Cloudy,2020,8,9,32,6,1,1,22.438000000000002,-0.8660254037844385,-0.5000000000000004
2020-08-10,36.74,60.0,1007.05,8.92,0.0,Cloudy,2020,8,10,33,0,0,1,28.740000000000002,-0.8660254037844385,-0.5000000000000004
2020-08-11,29.27,70.06,1019.76,8.18,0.0,Clear,2020,8,11,33,1,0,0,23.282,-0.8660254037844385,-0.5000000000000004
2020-08-12,32.81,74.28,1017.78,9.27,0.0,Sunny,2020,8,12,33,2,0,4,27.666000000000004,-0.8660254037844385,-0.5000000000000004
2020-08-13,37.69,53.95,1012.8,6.88,0.0,Sunny,2020,8,13,33,3,0,4,28.479999999999997,-0.8660254037844385,-0.5000000000000004
2020-08-14,34.29,58.42,1002.66,7.73,3.3074999999999997,Rainy,2020,8,14,33,4,0,3,25.974,-0.8660254037844385,-0.5000000000000004
2020-08-15,30.51,64.61,1011.25,3.53,0.0,Sunny,2020,8,15,33,5,1,4,23.432000000000002,-0.8660254037844385,-0.5000000000000004
2020-08-16,31.54,53.46,1014.08,13.99,3.3074999999999997,Thunderstorm,2020,8,16,33,6,1,5,22.232,-0.8660254037844385,-0.5000000000000004
2020-08-17,35.88,55.69,1012.67,10.32,0.0,Sunny,2020,8,17,34,0,0,4,27.018,-0.8660254037844385,-0.5000000000000004
2020-08-18,31.23,62.38,1001.25,6.37,0.0,Cloudy,2020,8,18,34,1,0,1,23.706000000000003,-0.8660254037844385,-0.5000000000000004
2020-08-19,34.12,73.86,1006.54,21.21,3.3074999999999997,Rainy,2020,8,19,34,2,0,3,28.891999999999996,-0.8660254037844385,-0.5000000000000004
2020-08-20,33.44,68.22,1011.6,9.39,0.0,Sunny,2020,8,20,34,3,0,4,27.083999999999996,-0.8660254037844385,-0.5000000000000004
2020-08-21,31.06,69.19,1015.56,5.66,0.0,Sunny,2020,8,21,34,4,0,4,24.897999999999996,-0.8660254037844385,-0.5000000000000004
2020-08-22,39.86,69.61,997.84,13.27,0.0,Cloudy,2020,8,22,34,5,1,1,33.782,-0.8660254037844385,-0.5000000000000004
2020-08-23,34.88,63.21,1010.8,10.8,0.0,Sunny,2020,8,23,34,6,1,4,27.522000000000002,-0.8660254037844385,-0.5000000000000004
2020-08-24,26.21,74.56,1013.93,10.78,0.0,Clear,2020,8,24,35,0,0,0,21.122,-0.8660254037844385,-0.5000000000000004
2020-08-25,33.13,64.78,1017.13,7.45,0.0,Sunny,2020,8,25,35,1,0,4,26.086000000000002,-0.8660254037844385,-0.5000000000000004
2020-08-26,30.26,70.47,1016.62,11.05,0.0,Sunny,2020,8,26,35,2,0,4,24.354,-0.8660254037844385,-0.5000000000000004
2020-08-27,34.94,58.71,1015.25,8.02,0.0,Sunny,2020,8,27,35,3,0,4,26.682,-0.8660254037844385,-0.5000000000000004
2020-08-28,29.51,43.95,1007.77,11.59,0.0,Cloudy,2020,8,28,35,4,0,1,18.300000000000004,-0.8660254037844385,-0.5000000000000004
2020-08-29,31.51,65.6,1000.83,3.83,0.0,Cloudy,2020,8,29,35,5,1,1,24.630000000000003,-0.8660254037844385,-0.5000000000000004
2020-08-30,33.32,79.9,1009.64,7.42,3.3074999999999997,Rainy,2020,8,30,35,6,1,3,29.3,-0.8660254037844385,-0.5000000000000004
2020-08-31,34.3,74.25,1017.86,19.59,0.0,Sunny,2020,8,31,36,0,0,4,29.15,-0.8660254037844385,-0.5000000000000004
2020-09-01,27.51,79.4,1021.23,6.39,0.0,Cloudy,2020,9,1,36,1,0,1,23.39,-1.0,-1.8369701987210297e-16
2020-09-02,30.1,80.29,1016.75,6.88,0.0,Cloudy,2020,9,2,36,2,0,1,26.158,-1.0,-1.8369701987210297e-16
2020-09-03,29.47,69.26,1015.16,7.38,3.3074999999999997,Thunderstorm,2020,9,3,36,3,0,5,23.322,-1.0,-1.8369701987210297e-16
2020-09-04,28.71,70.88,1014.97,5.22,0.0,Clear,2020,9,4,36,4,0,0,22.886,-1.0,-1.8369701987210297e-16
2020-09-05,36.26,57.44,1008.22,3.34,0.0,Sunny,2020,9,5,36,5,1,4,27.747999999999998,-1.0,-1.8369701987210297e-16
2020-09-06,31.72,63.64,1011.46,8.14,0.0,Sunny,2020,9,6,36,6,1,4,24.448,-1.0,-1.8369701987210297e-16
2020-09-07,26.19,76.82,1023.09,9.59,0.0,Cloudy,2020,9,7,37,0,0,1,21.554000000000002,-1.0,-1.8369701987210297e-16
2020-09-08,32.97,77.96,1006.4,8.81,2.86,Rainy,2020,9,8,37,1,0,3,28.561999999999998,-1.0,-1.8369701987210297e-16
2020-09-09,36.63,61.96,1021.19,8.46,3.3074999999999997,Rainy,2020,9,9,37,2,0,3,29.022000000000002,-1.0,-1.8369701987210297e-16
2020-09-10,32.94,61.44,1010.13,9.2,0.0,Sunny,2020,9,10,37,3,0,4,25.227999999999998,-1.0,-1.8369701987210297e-16
2020-09-11,24.57,71.81,1021.27,14.3,0.0,Clear,2020,9,11,37,4,0,0,18.932000000000002,-1.0,-1.8369701987210297e-16
2020-09-12,27.68,75.64,1004.41,8.28,2.73,Rainy,2020,9,12,37,5,1,3,22.808,-1.0,-1.8369701987210297e-16
2020-09-13,33.07,51.41,1015.55,6.97,0.0,Sunny,2020,9,13,37,6,1,4,23.352,-1.0,-1.8369701987210297e-16
2020-09-14,26.54,47.46,1008.6,7.95,0.0,Clear,2020,9,14,38,0,0,0,16.032,-1.0,-1.8369701987210297e-16
2020-09-15,30.02,62.48,1004.01,11.71,0.0,Cloudy,2020,9,15,38,1,0,1,22.516,-1.0,-1.8369701987210297e-16
2020-09-16,30.86,55.19,1013.68,17.04,0.0,Sunny,2020,9,16,38,2,0,4,21.898,-1.0,-1.8369701987210297e-16
2020-09-17,25.2,66.28,1019.28,6.8,0.0,Clear,2020,9,17,38,3,0,0,18.456,-1.0,-1.8369701987210297e-16
2020-09-18,27.76,68.09,1007.77,9.44,0.0,Cloudy,2020,9,18,38,4,0,1,21.378,-1.0,-1.8369701987210297e-16
2020-09-19,17.36,72.32,1005.4,10.51,0.0,Cloudy,2020,9,19,38,5,1,1,11.823999999999998,-1.0,-1.8369701987210297e-16
2020-09-20,24.23,86.56,1012.81,5.77,0.0,Cloudy,2020,9,20,38,6,1,1,21.542,-1.0,-1.8369701987210297e-16
2020-09-21,26.48,73.73,1012.5,9.11,3.3074999999999997,Rainy,2020,9,21,39,0,0,3,21.226,-1.0,-1.8369701987210297e-16
2020-09-22,23.07,75.86,1016.83,4.67,0.0,Cloudy,2020,9,22,39,1,0,1,18.242,-1.0,-1.8369701987210297e-16
2020-09-23,32.06,72.78,1017.89,4.07,0.0,Sunny,2020,9,23,39,2,0,4,26.616000000000003,-1.0,-1.8369701987210297e-16
2020-09-24,22.04,62.18,1013.34,10.64,3.3074999999999997,Rainy,2020,9,24,39,3,0,3,14.475999999999999,-1.0,-1.8369701987210297e-16
2020-09-25,24.98,81.91,1024.39,7.59,0.0,Cloudy,2020,9,25,39,4,0,1,21.362,-1.0,-1.8369701987210297e-16
2020-09-26,26.57,69.64,1014.36,9.89,0.0,Clear,2020,9,26,39,5,1,0,20.498,-1.0,-1.8369701987210297e-16
2020-09-27,30.54,74.33,1010.34,8.95,1.91,Rainy,2020,9,27,39,6,1,3,25.406,-1.0,-1.8369701987210297e-16
2020-09-28,21.1,63.51,1004.17,5.82,0.0,Cloudy,2020,9,28,40,0,0,1,13.802000000000001,-1.0,-1.8369701987210297e-16
2020-09-29,29.18,53.04,1011.05,8.84,0.0,Clear,2020,9,29,40,1,0,0,19.788,-1.0,-1.8369701987210297e-16
2020-09-30,25.26,79.5,1011.19,5.18,0.0,Cloudy,2020,9,30,40,2,0,1,21.160000000000004,-1.0,-1.8369701987210297e-16
2020-10-01,21.85,77.47,1019.48,16.88,0.0,Cloudy,2020,10,1,40,3,0,1,17.344,-0.8660254037844386,0.5000000000000001
2020-10-02,26.23,61.62,1015.84,4.9,0.0,Clear,2020,10,2,40,4,0,0,18.554000000000002,-0.8660254037844386,0.5000000000000001
2020-10-03,25.15,62.7,1006.15,8.26,0.0,Cloudy,2020,10,3,40,5,1,1,17.689999999999998,-0.8660254037844386,0.5000000000000001
2020-10-04,22.36,84.6,1014.68,5.65,0.0,Cloudy,2020,10,4,40,6,1,1,19.279999999999998,-0.8660254037844386,0.5000000000000001
2020-10-05,24.26,60.12,1017.39,11.67,3.3074999999999997,Rainy,2020,10,5,41,0,0,3,16.284,-0.8660254037844386,0.5000000000000001
2020-10-06,22.57,89.63,1022.78,7.77,0.0,Cloudy,2020,10,6,41,1,0,1,20.496,-0.8660254037844386,0.5000000000000001
2020-10-07,23.93,63.24,1018.74,7.15,0.0,Clear,2020,10,7,41,2,0,0,16.578,-0.8660254037844386,0.5000000000000001
2020-10-08,25.44,77.58,1017.75,13.25,0.0,Cloudy,2020,10,8,41,3,0,1,20.956000000000003,-0.8660254037844386,0.5000000000000001
2020-10-09,28.16,66.0,1013.14,9.15,0.0,Clear,2020,10,9,41,4,0,0,21.36,-0.8660254037844386,0.5000000000000001
2020-10-10,18.88,81.82,1013.56,11.39,0.0,Cloudy,2020,10,10,41,5,1,1,15.243999999999998,-0.8660254037844386,0.5000000000000001
2020-10-11,29.43,62.96,1020.08,5.8,0.0,Clear,2020,10,11,41,6,1,0,22.022,-0.8660254037844386,0.5000000000000001
2020-10-12,16.11,76.1,1006.59,4.8,3.3074999999999997,Rainy,2020,10,12,42,0,0,3,11.329999999999998,-0.8660254037844386,0.5000000000000001
2020-10-13,21.63,74.27,1011.66,9.47,3.3074999999999997,Rainy,2020,10,13,42,1,0,3,16.483999999999998,-0.8660254037844386,0.5000000000000001
2020-10-14,23.76,62.35,1008.8,7.82,3.3074999999999997,Rainy,2020,10,14,42,2,0,3,16.230000000000004,-0.8660254037844386,0.5000000000000001
2020-10-15,22.54,80.63,1015.89,11.96,0.0,Cloudy,2020,10,15,42,3,0,1,18.665999999999997,-0.8660254037844386,0.5000000000000001
2020-10-16,19.41,70.28,1021.47,8.71,0.0,Clear,2020,10,16,42,4,0,0,13.466000000000001,-0.8660254037844386,0.5000000000000001
2020-10-17,20.49,72.37,1010.34,9.9,3.3074999999999997,Rainy,2020,10,17,42,5,1,3,14.963999999999999,-0.8660254037844386,0.5000000000000001
2020-10-18,19.34,65.52,999.76,4.35,0.0,Cloudy,2020,10,18,42,6,1,1,12.443999999999999,-0.8660254037844386,0.5000000000000001
2020-10-19,18.79,50.22,1011.71,21.11,0.0,Clear,2020,10,19,43,0,0,0,8.834,-0.8660254037844386,0.5000000000000001
2020-10-20,23.16,70.88,1019.01,8.38,0.0,Clear,2020,10,20,43,1,0,0,17.336,-0.8660254037844386,0.5000000000000001
2020-10-21,21.34,98.0,1017.02,12.35,0.0,Cloudy,2020,10,21,43,2,0,1,20.94,-0.8660254037844386,0.5000000000000001
2020-10-22,17.74,84.43,1016.91,6.2,0.0,Cloudy,2020,10,22,43,3,0,1,14.626,-0.8660254037844386,0.5000000000000001
2020-10-23,22.6,72.99,1011.93,10.37,3.3074999999999997,Rainy,2020,10,23,43,4,0,3,17.198,-0.8660254037844386,0.5000000000000001
2020-10-24,20.47,72.04,1006.26,5.02,3.3074999999999997,Rainy,2020,10,24,43,5,1,3,14.878,-0.8660254037844386,0.5000000000000001
2020-10-25,21.85,73.93,1016.81,11.06,0.0,Clear,2020,10,25,43,6,1,0,16.636000000000003,-0.8660254037844386,0.5000000000000001
2020-10-26,21.03,79.75,1008.84,7.69,3.3074999999999997,Rainy,2020,10,26,44,0,0,3,16.98,-0.8660254037844386,0.5000000000000001
2020-10-27,16.12,65.91,1027.69,9.14,0.0,Clear,2020,10,27,44,1,0,0,9.302,-0.8660254037844386,0.5000000000000001
2020-10-28,16.75,88.42,1017.91,12.36,3.3074999999999997,Rainy,2020,10,28,44,2,0,3,14.434000000000001,-0.8660254037844386,0.5000000000000001
2020-10-29,20.7,81.66,1010.41,5.18,0.0,Cloudy,2020,10,29,44,3,0,1,17.032,-0.8660254037844386,0.5000000000000001
2020-10-30,20.03,82.16,1010.33,6.63,3.3074999999999997,Rainy,2020,10,30,44,4,0,3,16.462,-0.8660254037844386,0.5000000000000001
2020-10-31,17.78,80.94,1013.78,11.09,0.0,Cloudy,2020,10,31,44,5,1,1,13.968,-0.8660254037844386,0.5000000000000001
2020-11-01,17.99,76.6,1012.86,23.2,2.73,Rainy,2020,11,1,44,6,1,3,13.309999999999997,-0.5000000000000004,0.8660254037844384
2020-11-02,21.48,80.69,1020.48,8.48,0.0,Cloudy,2020,11,2,45,0,0,1,17.618,-0.5000000000000004,0.8660254037844384
2020-11-03,15.27,84.23,1015.83,11.78,0.0,Cloudy,2020,11,3,45,1,0,1,12.116,-0.5000000000000004,0.8660254037844384
2020-11-04,18.69,72.38,1009.81,8.6,3.3074999999999997,Rainy,2020,11,4,45,2,0,3,13.166,-0.5000000000000004,0.8660254037844384
2020-11-05,16.07,72.01,1025.93,21.63,0.0,Clear,2020,11,5,45,3,0,0,10.472000000000001,-0.5000000000000004,0.8660254037844384
2020-11-06,15.79,78.97,1014.93,4.11,0.0,Cloudy,2020,11,6,45,4,0,1,11.584,-0.5000000000000004,0.8660254037844384
2020-11-07,19.79,90.64,1018.64,9.42,3.3074999999999997,Rainy,2020,11,7,45,5,1,3,17.918,-0.5000000000000004,0.8660254037844384
2020-11-08,18.69,63.53,1010.55,4.34,3.3074999999999997,Rainy,2020,11,8,45,6,1,3,11.396,-0.5000000000000004,0.8660254037844384
2020-11-09,18.44,61.42,1016.41,2.92,3.3074999999999997,Rainy,2020,11,9,46,0,0,3,10.724000000000002,-0.5000000000000004,0.8660254037844384
2020-11-10,19.79,76.79,1015.9,10.32,0.0,Cloudy,2020,11,10,46,1,0,1,15.148,-0.5000000000000004,0.8660254037844384
2020-11-11,15.47,78.68,1003.34,9.61,3.3074999999999997,Rainy,2020,11,11,46,2,0,3,11.206000000000003,-0.5000000000000004,0.8660254037844384
2020-11-12,17.37,78.57,1026.49,7.94,0.0,Cloudy,2020,11,12,46,3,0,1,13.084,-0.5000000000000004,0.8660254037844384
2020-11-13,13.99,81.65,1022.65,8.6,0.0,Cloudy,2020,11,13,46,4,0,1,10.32,-0.5000000000000004,0.8660254037844384
2020-11-14,15.81,75.7,1012.25,26.843750000000004,3.3074999999999997,Rainy,2020,11,14,46,5,1,3,10.950000000000001,-0.5000000000000004,0.8660254037844384
2020-11-15,14.15,93.99,1008.26,8.04,3.3074999999999997,Rainy,2020,11,15,46,6,1,3,12.947999999999999,-0.5000000000000004,0.8660254037844384
2020-11-16,14.68,62.71,1016.88,11.35,0.0,Clear,2020,11,16,47,0,0,0,7.2219999999999995,-0.5000000000000004,0.8660254037844384
2020-11-17,16.07,69.47,1015.11,6.74,0.0,Clear,2020,11,17,47,1,0,0,9.964,-0.5000000000000004,0.8660254037844384
2020-11-18,11.35,80.02,1017.43,10.31,0.0,Cloudy,2020,11,18,47,2,0,1,7.353999999999999,-0.5000000000000004,0.8660254037844384
2020-11-19,20.47,58.24,1015.08,8.11,0.0,Clear,2020,11,19,47,3,0,0,12.117999999999999,-0.5000000000000004,0.8660254037844384
2020-11-20,10.36,79.99,1018.48,7.5,0.0,Cloudy,2020,11,20,47,4,0,1,6.357999999999999,-0.5000000000000004,0.8660254037844384
2020-11-21,9.5,98.0,1024.26,20.46,0.0,Foggy,2020,11,21,47,5,1,2,9.1,-0.5000000000000004,0.8660254037844384
2020-11-22,16.9,77.38,1017.87,15.33,0.0,Cloudy,2020,11,22,47,6,1,1,12.375999999999998,-0.5000000000000004,0.8660254037844384
2020-11-23,15.54,80.43,1008.37,9.6,1.75,Rainy,2020,11,23,48,0,0,3,11.626000000000001,-0.5000000000000004,0.8660254037844384
2020-11-24,14.82,66.02,1022.95,3.2,0.0,Clear,2020,11,24,48,1,0,0,8.024,-0.5000000000000004,0.8660254037844384
2020-11-25,14.66,72.57,1024.64,7.67,0.0,Clear,2020,11,25,48,2,0,0,9.174,-0.5000000000000004,0.8660254037844384
2020-11-26,12.43,76.55,1034.05,26.843750000000004,0.0,Cloudy,2020,11,26,48,3,0,1,7.739999999999999,-0.5000000000000004,0.8660254037844384
2020-11-27,9.42,79.23,1008.85,8.14,3.3074999999999997,Rainy,2020,11,27,48,4,0,3,5.266000000000001,-0.5000000000000004,0.8660254037844384
2020-11-28,12.36,93.16,1016.6,14.83,0.0,Foggy,2020,11,28,48,5,1,2,10.991999999999999,-0.5000000000000004,0.8660254037844384
2020-11-29,9.79,87.72,1003.04,17.27,3.3074999999999997,Rainy,2020,11,29,48,6,1,3,7.333999999999999,-0.5000000000000004,0.8660254037844384
2020-11-30,14.91,67.45,1018.08,9.96,0.0,Clear,2020,11,30,49,0,0,0,8.4,-0.5000000000000004,0.8660254037844384
2020-12-01,11.15,83.66,1012.04,6.18,3.3074999999999997,Rainy,2020,12,1,49,1,0,3,7.882,-2.4492935982947064e-16,1.0
2020-12-02,8.82,87.81,1027.22,3.02,0.0,Cloudy,2020,12,2,49,2,0,1,6.382000000000001,-2.4492935982947064e-16,1.0
2020-12-03,10.28,93.21,1010.81,12.28,3.3074999999999997,Rainy,2020,12,3,49,3,0,3,8.921999999999999,-2.4492935982947064e-16,1.0
2020-12-04,12.47,96.08,1004.99,6.25,3.3074999999999997,Rainy,2020,12,4,49,4,0,3,11.686,-2.4492935982947064e-16,1.0
2020-12-05,9.2,72.41,1012.79,9.77,3.3074999999999997,Rainy,2020,12,5,49,5,1,3,3.6819999999999986,-2.4492935982947064e-16,1.0
2020-12-06,8.22,75.14,1003.91,5.14,1.77,Rainy,2020,12,6,49,6,1,3,3.248000000000001,-2.4492935982947064e-16,1.0
2020-12-07,11.49,68.38,1019.78,8.01,0.0,Clear,2020,12,7,50,0,0,0,5.1659999999999995,-2.4492935982947064e-16,1.0
2020-12-08,11.35,78.71,1002.91,9.16,0.59,Rainy,2020,12,8,50,1,0,3,7.091999999999999,-2.4492935982947064e-16,1.0
2020-12-09,8.81,87.5,1015.85,10.18,3.3074999999999997,Rainy,2020,12,9,50,2,0,3,6.3100000000000005,-2.4492935982947064e-16,1.0
2020-12-10,8.79,92.72,1003.21,5.46,0.0,Foggy,2020,12,10,50,3,0,2,7.333999999999999,-2.4492935982947064e-16,1.0
2020-12-11,10.91,80.6,1013.44,15.47,0.0,Cloudy,2020,12,11,50,4,0,1,7.029999999999999,-2.4492935982947064e-16,1.0
2020-12-12,5.41,82.01,1026.05,6.9,0.0,Cloudy,2020,12,12,50,5,1,1,1.8120000000000012,-2.4492935982947064e-16,1.0
2020-12-13,5.41,86.73,1018.35,4.25,0.0,Cloudy,2020,12,13,50,6,1,1,2.756000000000001,-2.4492935982947064e-16,1.0
2020-12-14,7.5,75.4,1010.69,8.59,3.3074999999999997,Rainy,2020,12,14,51,0,0,3,2.580000000000001,-2.4492935982947064e-16,1.0
2020-12-15,9.0,98.0,1015.46,9.17,0.0,Foggy,2020,12,15,51,1,0,2,8.6,-2.4492935982947064e-16,1.0
2020-12-16,10.56,65.53,1015.52,9.7,0.0,Clear,2020,12,16,51,2,0,0,3.6660000000000004,-2.4492935982947064e-16,1.0
2020-12-17,14.18,80.92,1017.71,16.66,0.0,Cloudy,2020,12,17,51,3,0,1,10.364,-2.4492935982947064e-16,1.0
2020-12-18,12.1,98.0,1006.98,8.11,0.0,Foggy,2020,12,18,51,4,0,2,11.7,-2.4492935982947064e-16,1.0
2020-12-19,8.74,82.95,1019.24,8.55,3.3074999999999997,Rainy,2020,12,19,51,5,1,3,5.330000000000001,-2.4492935982947064e-16,1.0
2020-12-20,9.09,80.74,999.41,5.49,0.0,Cloudy,2020,12,20,51,6,1,1,5.237999999999999,-2.4492935982947064e-16,1.0
2020-12-21,5.85,81.33,1012.34,13.06,0.0,Cloudy,2020,12,21,52,0,0,1,2.115999999999999,-2.4492935982947064e-16,1.0
2020-12-22,8.91,80.96,1012.73,9.81,0.0,Cloudy,2020,12,22,52,1,0,1,5.1019999999999985,-2.4492935982947064e-16,1.0
2020-12-23,7.96,97.16,1019.61,7.47,0.0,Foggy,2020,12,23,52,2,0,2,7.3919999999999995,-2.4492935982947064e-16,1.0
2020-12-24,9.83,60.0,1015.66,3.83,0.0,Clear,2020,12,24,52,3,0,0,1.83,-2.4492935982947064e-16,1.0
2020-12-25,6.08,98.0,1007.65,17.29,3.3074999999999997,Rainy,2020,12,25,52,4,0,3,5.68,-2.4492935982947064e-16,1.0
2020-12-26,10.31,67.54,1009.54,5.19,0.0,Clear,2020,12,26,52,5,1,0,3.8180000000000014,-2.4492935982947064e-16,1.0
2020-12-27,13.48,76.9,1016.17,6.92,3.3074999999999997,Rainy,2020,12,27,52,6,1,3,8.860000000000001,-2.4492935982947064e-16,1.0
2020-12-28,8.16,79.0,1015.3,10.6,0.0,Cloudy,2020,12,28,53,0,0,1,3.96,-2.4492935982947064e-16,1.0
2020-12-29,9.73,88.07,1012.07,5.27,0.0,Foggy,2020,12,29,53,1,0,2,7.343999999999999,-2.4492935982947064e-16,1.0
2020-12-30,10.6,65.6,1012.52,4.61,0.0,Clear,2020,12,30,53,2,0,0,3.719999999999999,-2.4492935982947064e-16,1.0
2020-12-31,7.05,88.69,1020.12,3.47,0.0,Foggy,2020,12,31,53,3,0,2,4.787999999999999,-2.4492935982947064e-16,1.0
2021-01-01,9.05,98.0,1012.54,12.48,0.8,Rainy,2021,1,1,53,4,0,3,8.65,0.49999999999999994,0.8660254037844387
2021-01-02,8.33,69.54,1015.22,7.06,0.0,Clear,2021,1,2,53,5,1,0,2.2380000000000013,0.49999999999999994,0.8660254037844387
2021-01-03,8.55,84.91,1028.74,26.843750000000004,3.3074999999999997,Thunderstorm,2021,1,3,53,6,1,5,5.532,0.49999999999999994,0.8660254037844387
2021-01-04,5.72,78.38,1007.6,5.77,1.77,Rainy,2021,1,4,1,0,0,3,1.395999999999999,0.49999999999999994,0.8660254037844387
2021-01-05,8.24,87.49,1004.65,5.96,3.3074999999999997,Rainy,2021,1,5,1,1,0,3,5.7379999999999995,0.49999999999999994,0.8660254037844387
2021-01-06,9.72,82.39,1020.24,7.0,0.0,Cloudy,2021,1,6,1,2,0,1,6.198,0.49999999999999994,0.8660254037844387
2021-01-07,12.74,73.67,1011.02,10.07,3.3074999999999997,Thunderstorm,2021,1,7,1,3,0,5,7.474,0.49999999999999994,0.8660254037844387
2021-01-08,11.14,86.08,1013.42,7.3,0.0,Cloudy,2021,1,8,1,4,0,1,8.356,0.49999999999999994,0.8660254037844387
2021-01-09,14.94,96.59,1010.07,11.89,3.3074999999999997,Rainy,2021,1,9,1,5,1,3,14.258000000000001,0.49999999999999994,0.8660254037844387
2021-01-10,5.57,83.19,1014.61,5.81,0.0,Cloudy,2021,1,10,1,6,1,1,2.2079999999999997,0.49999999999999994,0.8660254037844387
2021-01-11,10.81,88.63,1024.97,4.85,0.0,Foggy,2021,1,11,2,0,0,2,8.536,0.49999999999999994,0.8660254037844387
2021-01-12,8.59,70.05,1020.52,4.02,3.3074999999999997,Rainy,2021,1,12,2,1,0,3,2.5999999999999996,0.49999999999999994,0.8660254037844387
2021-01-13,15.01,68.93,1019.92,3.32,0.0,Clear,2021,1,13,2,2,0,0,8.796000000000001,0.49999999999999994,0.8660254037844387
2021-01-14,5.41,89.94,1007.69,7.15,0.89,Rainy,2021,1,14,2,3,0,3,3.3979999999999997,0.49999999999999994,0.8660254037844387
2021-01-15,5.32,98.0,1009.3,7.88,2.22,Rainy,2021,1,15,2,4,0,3,4.92,0.49999999999999994,0.8660254037844387
2021-01-16,6.09,88.29,999.05,6.79,3.3074999999999997,Rainy,2021,1,16,2,5,1,3,3.748000000000001,0.49999999999999994,0.8660254037844387
2021-01-17,1.23,85.01,1011.96,15.79,3.3074999999999997,Rainy,2021,1,17,2,6,1,3,-1.767999999999999,0.49999999999999994,0.8660254037844387
2021-01-18,6.36,84.54,1021.79,15.68,0.0,Cloudy,2021,1,18,3,0,0,1,3.2680000000000016,0.49999999999999994,0.8660254037844387
2021-01-19,5.63,72.55,1019.26,7.76,0.0,Clear,2021,1,19,3,1,0,0,0.13999999999999968,0.49999999999999994,0.8660254037844387
2021-01-20,8.56,89.05,1014.39,4.03,0.0,Foggy,2021,1,20,3,2,0,2,6.37,0.49999999999999994,0.8660254037844387
2021-01-21,9.2,91.38,1015.49,6.99,0.0,Foggy,2021,1,21,3,3,0,2,7.475999999999998,0.49999999999999994,0.8660254037844387
2021-01-22,14.14,74.58,1010.75,6.89,3.3074999999999997,Rainy,2021,1,22,3,4,0,3,9.056000000000001,0.49999999999999994,0.8660254037844387
2021-01-23,11.22,76.45,1016.55,6.71,0.0,Cloudy,2021,1,23,3,5,1,1,6.510000000000002,0.49999999999999994,0.8660254037844387
2021-01-24,6.37,87.2,1020.64,6.59,0.0,Cloudy,2021,1,24,3,6,1,1,3.8100000000000005,0.49999999999999994,0.8660254037844387
2021-01-25,5.39,80.86,1006.5,6.73,3.3074999999999997,Rainy,2021,1,25,4,0,0,3,1.5619999999999994,0.49999999999999994,0.8660254037844387
2021-01-26,9.88,81.42,1017.32,7.58,0.0,Cloudy,2021,1,26,4,1,0,1,6.1640000000000015,0.49999999999999994,0.8660254037844387
2021-01-27,4.14,98.0,1021.97,6.78,0.0,Foggy,2021,1,27,4,2,0,2,3.7399999999999998,0.49999999999999994,0.8660254037844387
2021-01-28,14.28,76.53,1012.37,9.91,3.3074999999999997,Rainy,2021,1,28,4,3,0,3,9.585999999999999,0.49999999999999994,0.8660254037844387
2021-01-29,12.25,76.84,1019.37,10.61,0.0,Cloudy,2021,1,29,4,4,0,1,7.618,0.49999999999999994,0.8660254037844387
2021-01-30,7.04,77.6,1032.83,5.99,0.0,Cloudy,2021,1,30,4,5,1,1,2.5599999999999987,0.49999999999999994,0.8660254037844387
2021-01-31,3.13,94.25,1015.9,15.99,0.0,Foggy,2021,1,31,4,6,1,2,1.98,0.49999999999999994,0.8660254037844387
2021-02-01,13.02,78.07,1017.41,5.81,0.0,Cloudy,2021,2,1,5,0,0,1,8.633999999999999,0.8660254037844386,0.5000000000000001
2021-02-02,8.4,76.63,1011.31,4.36,2.67,Rainy,2021,2,2,5,1,0,3,3.725999999999999,0.8660254037844386,0.5000000000000001
2021-02-03,12.8,93.25,1016.17,10.71,0.0,Foggy,2021,2,3,5,2,0,2,11.450000000000001,0.8660254037844386,0.5000000000000001
2021-02-04,3.82,98.0,1019.19,6.25,0.0,Foggy,2021,2,4,5,3,0,2,3.42,0.8660254037844386,0.5000000000000001
2021-02-05,7.1,78.03,1017.1,10.43,0.0,Cloudy,2021,2,5,5,4,0,1,2.7059999999999995,0.8660254037844386,0.5000000000000001
2021-02-06,9.12,63.95,1009.51,3.06,0.0,Clear,2021,2,6,5,5,1,0,1.9100000000000001,0.8660254037844386,0.5000000000000001
2021-02-07,9.35,92.53,1016.84,16.89,3.3074999999999997,Rainy,2021,2,7,5,6,1,3,7.856,0.8660254037844386,0.5000000000000001
2021-02-08,7.86,76.65,1024.59,12.21,0.0,Cloudy,2021,2,8,6,0,0,1,3.1900000000000013,0.8660254037844386,0.5000000000000001
2021-02-09,11.4,88.93,1017.98,4.59,0.0,Foggy,2021,2,9,6,1,0,2,9.186000000000002,0.8660254037844386,0.5000000000000001
2021-02-10,6.1,65.03,1021.86,4.64,3.3074999999999997,Rainy,2021,2,10,6,2,0,3,-0.8940000000000001,0.8660254037844386,0.5000000000000001
2021-02-11,9.17,91.51,1014.2,19.15,0.0,Foggy,2021,2,11,6,3,0,2,7.472000000000001,0.8660254037844386,0.5000000000000001
2021-02-12,10.12,69.8,1019.98,6.48,0.0,Clear,2021,2,12,6,4,0,0,4.079999999999998,0.8660254037844386,0.5000000000000001
2021-02-13,11.5,88.26,1016.95,6.2,0.0,Foggy,2021,2,13,6,5,1,2,9.152000000000001,0.8660254037844386,0.5000000000000001
2021-02-14,12.25,80.57,1009.46,3.26,1.16,Rainy,2021,2,14,6,6,1,3,8.363999999999999,0.8660254037844386,0.5000000000000001
2021-02-15,6.5,74.91,1013.56,7.71,0.0,Clear,2021,2,15,7,0,0,0,1.4819999999999993,0.8660254037844386,0.5000000000000001
2021-02-16,5.32,81.21,1010.25,8.15,3.3074999999999997,Rainy,2021,2,16,7,1,0,3,1.561999999999999,0.8660254037844386,0.5000000000000001
2021-02-17,14.45,85.75,1011.04,12.45,3.3074999999999997,Thunderstorm,2021,2,17,7,2,0,5,11.6,0.8660254037844386,0.5000000000000001
2021-02-18,11.56,81.97,1016.4,4.81,0.0,Cloudy,2021,2,18,7,3,0,1,7.954000000000001,0.8660254037844386,0.5000000000000001
2021-02-19,8.24,89.08,1017.55,4.55,0.0,Foggy,2021,2,19,7,4,0,2,6.056,0.8660254037844386,0.5000000000000001
2021-02-20,15.74,97.75,1007.5,11.06,0.0,Cloudy,2021,2,20,7,5,1,1,15.290000000000001,0.8660254037844386,0.5000000000000001
2021-02-21,11.3,65.45,1021.63,14.2,3.3074999999999997,Rainy,2021,2,21,7,6,1,3,4.3900000000000015,0.8660254037844386,0.5000000000000001
2021-02-22,14.85,94.78,1018.2,4.45,0.0,Foggy,2021,2,22,8,0,0,2,13.806,0.8660254037844386,0.5000000000000001
2021-02-23,11.44,82.04,1011.06,14.68,3.3074999999999997,Rainy,2021,2,23,8,1,0,3,7.848000000000001,0.8660254037844386,0.5000000000000001
2021-02-24,17.98,67.43,1005.08,9.18,0.0,Cloudy,2021,2,24,8,2,0,1,11.466000000000001,0.8660254037844386,0.5000000000000001
2021-02-25,17.16,63.68,1013.56,14.75,2.6,Rainy,2021,2,25,8,3,0,3,9.896,0.8660254037844386,0.5000000000000001
2021-02-26,10.91,79.47,1012.69,8.74,3.3074999999999997,Rainy,2021,2,26,8,4,0,3,6.804,0.8660254037844386,0.5000000000000001
2021-02-27,14.98,87.73,1015.43,2.9,0.0,Cloudy,2021,2,27,8,5,1,1,12.526000000000002,0.8660254037844386,0.5000000000000001
2021-02-28,14.1,77.85,1012.71,8.43,1.02,Rainy,2021,2,28,8,6,1,3,9.669999999999998,0.8660254037844386,0.5000000000000001
2021-03-01,16.59,92.5,1002.47,14.54,3.3074999999999997,Rainy,2021,3,1,9,0,0,3,15.09,1.0,6.123233995736766e-17
2021-03-02,9.29,67.99,1013.28,6.04,0.0,Clear,2021,3,2,9,1,0,0,2.887999999999998,1.0,6.123233995736766e-17
2021-03-03,14.75,78.55,1012.95,7.58,3.3074999999999997,Rainy,2021,3,3,9,2,0,3,10.459999999999999,1.0,6.123233995736766e-17
2021-03-04,16.12,65.19,1018.38,8.34,0.0,Clear,2021,3,4,9,3,0,0,9.158000000000001,1.0,6.123233995736766e-17
2021-03-05,7.29,87.53,1011.72,2.45,0.0,Cloudy,2021,3,5,9,4,0,1,4.796,1.0,6.123233995736766e-17
2021-03-06,9.32,91.34,1025.67,19.15,0.0,Foggy,2021,3,6,9,5,1,2,7.588000000000001,1.0,6.123233995736766e-17
2021-03-07,6.77,80.05,1004.51,6.02,2.32,Rainy,2021,3,7,9,6,1,3,2.779999999999999,1.0,6.123233995736766e-17
2021-03-08,12.62,54.12,1022.97,11.33,0.0,Clear,2021,3,8,10,0,0,0,3.443999999999999,1.0,6.123233995736766e-17
2021-03-09,15.97,79.81,1013.26,8.68,0.0,Cloudy,2021,3,9,10,1,0,1,11.932000000000002,1.0,6.123233995736766e-17
2021-03-10,18.68,80.29,1019.36,15.89,0.0,Cloudy,2021,3,10,10,2,0,1,14.738000000000001,1.0,6.123233995736766e-17
2021-03-11,14.3,83.03,1015.33,10.83,0.0,Cloudy,2021,3,11,10,3,0,1,10.906,1.0,6.123233995736766e-17
2021-03-12,19.48,87.72,1020.92,8.12,0.0,Cloudy,2021,3,12,10,4,0,1,17.024,1.0,6.123233995736766e-17
2021-03-13,10.05,71.25,1013.17,6.04,0.0,Clear,2021,3,13,10,5,1,0,4.300000000000001,1.0,6.123233995736766e-17
2021-03-14,9.22,89.35,1009.03,12.92,3.3074999999999997,Rainy,2021,3,14,10,6,1,3,7.09,1.0,6.123233995736766e-17
2021-03-15,14.7,90.64,1023.32,3.88,0.0,Foggy,2021,3,15,11,0,0,2,12.828,1.0,6.123233995736766e-17
2021-03-16,16.32,59.79,1013.87,12.07,0.0,Clear,2021,3,16,11,1,0,0,8.278,1.0,6.123233995736766e-17
2021-03-17,15.19,81.56,1016.05,5.5,0.0,Cloudy,2021,3,17,11,2,0,1,11.501999999999999,1.0,6.123233995736766e-17
2021-03-18,8.89,77.74,1023.08,15.86,0.0,Cloudy,2021,3,18,11,3,0,1,4.438,1.0,6.123233995736766e-17
2021-03-19,15.44,77.38,1008.49,9.7,0.0,Cloudy,2021,3,19,11,4,0,1,10.915999999999999,1.0,6.123233995736766e-17
2021-03-20,11.77,84.24,1018.81,12.06,0.0,Cloudy,2021,3,20,11,5,1,1,8.617999999999999,1.0,6.123233995736766e-17
2021-03-21,18.3,71.32,1010.72,9.36,1.55,Rainy,2021,3,21,11,6,1,3,12.564,1.0,6.123233995736766e-17
2021-03-22,17.55,69.96,1013.57,4.1,3.3074999999999997,Thunderstorm,2021,3,22,12,0,0,5,11.542,1.0,6.123233995736766e-17
2021-03-23,13.59,79.83,1015.4,6.13,0.0,Cloudy,2021,3,23,12,1,0,1,9.556,1.0,6.123233995736766e-17
2021-03-24,15.18,67.5,1005.72,12.21,0.0,Cloudy,2021,3,24,12,2,0,1,8.68,1.0,6.123233995736766e-17
2021-03-25,13.66,68.58,1010.28,9.73,0.0,Clear,2021,3,25,12,3,0,0,7.3759999999999994,1.0,6.123233995736766e-17
2021-03-26,17.07,83.84,1022.55,15.36,0.0,Cloudy,2021,3,26,12,4,0,1,13.838000000000001,1.0,6.123233995736766e-17
2021-03-27,20.56,63.12,1019.23,10.82,0.0,Clear,2021,3,27,12,5,1,0,13.183999999999997,1.0,6.123233995736766e-17
2021-03-28,14.58,85.46,1014.44,5.84,0.0,Cloudy,2021,3,28,12,6,1,1,11.671999999999999,1.0,6.123233995736766e-17
2021-03-29,19.57,79.93,1015.52,6.31,0.0,Cloudy,2021,3,29,13,0,0,1,15.556000000000001,1.0,6.123233995736766e-17
2021-03-30,16.5,60.19,1012.76,9.45,0.0,Clear,2021,3,30,13,1,0,0,8.538,1.0,6.123233995736766e-17
2021-03-31,15.89,71.1,1022.76,3.19,0.0,Clear,2021,3,31,13,2,0,0,10.11,1.0,6.123233995736766e-17
2021-04-01,18.32,88.12,1013.05,19.16,0.0,Cloudy,2021,4,1,13,3,0,1,15.944,0.8660254037844387,-0.4999999999999998
2021-04-02,15.58,68.28,1016.05,11.01,0.0,Clear,2021,4,2,13,4,0,0,9.236,0.8660254037844387,-0.4999999999999998
2021-04-03,17.36,72.2,1021.27,15.68,0.0,Clear,2021,4,3,13,5,1,0,11.8,0.8660254037844387,-0.4999999999999998
2021-04-04,15.53,82.75,1010.01,4.43,0.0,Cloudy,2021,4,4,13,6,1,1,12.079999999999998,0.8660254037844387,-0.4999999999999998
2021-04-05,25.89,78.71,1022.47,15.8,0.0,Cloudy,2021,4,5,14,0,0,1,21.631999999999998,0.8660254037844387,-0.4999999999999998
2021-04-06,19.95,72.52,1004.82,24.64,3.3074999999999997,Thunderstorm,2021,4,6,14,1,0,5,14.453999999999999,0.8660254037844387,-0.4999999999999998
2021-04-07,17.84,70.54,1013.56,4.98,0.0,Clear,2021,4,7,14,2,0,0,11.948,0.8660254037844387,-0.4999999999999998
2021-04-08,21.0,88.52,1011.61,12.77,0.0,Cloudy,2021,4,8,14,3,0,1,18.704,0.8660254037844387,-0.4999999999999998
2021-04-09,20.2,92.25,1012.51,9.03,2.89,Rainy,2021,4,9,14,4,0,3,18.65,0.8660254037844387,-0.4999999999999998
2021-04-10,20.09,84.73,1002.65,4.5,0.0,Cloudy,2021,4,10,14,5,1,1,17.036,0.8660254037844387,-0.4999999999999998
2021-04-11,23.0,73.75,1010.82,11.27,0.0,Clear,2021,4,11,14,6,1,0,17.75,0.8660254037844387,-0.4999999999999998
2021-04-12,23.7,64.33,1007.21,13.13,0.0,Cloudy,2021,4,12,15,0,0,1,16.566,0.8660254037844387,-0.4999999999999998
2021-04-13,19.82,66.82,1010.38,6.89,0.0,Clear,2021,4,13,15,1,0,0,13.184,0.8660254037844387,-0.4999999999999998
2021-04-14,19.92,80.28,1013.19,15.25,0.0,Cloudy,2021,4,14,15,2,0,1,15.976000000000003,0.8660254037844387,-0.4999999999999998
2021-04-15,21.12,78.4,1019.58,4.26,0.0,Cloudy,2021,4,15,15,3,0,1,16.800000000000004,0.8660254037844387,-0.4999999999999998
2021-04-16,14.87,92.61,1016.02,4.61,0.0,Foggy,2021,4,16,15,4,0,2,13.392,0.8660254037844387,-0.4999999999999998
2021-04-17,17.63,83.16,1016.2,9.6,0.0,Cloudy,2021,4,17,15,5,1,1,14.261999999999999,0.8660254037844387,-0.4999999999999998
2021-04-18,27.1,55.0,1006.36,9.13,0.0,Cloudy,2021,4,18,15,6,1,1,18.1,0.8660254037844387,-0.4999999999999998
2021-04-19,28.23,79.76,1007.48,6.54,0.0,Cloudy,2021,4,19,16,0,0,1,24.182000000000002,0.8660254037844387,-0.4999999999999998
2021-04-20,22.41,63.33,1024.43,12.99,0.0,Clear,2021,4,20,16,1,0,0,15.076,0.8660254037844387,-0.4999999999999998
2021-04-21,25.29,67.46,1008.8,11.46,0.0,Clear,2021,4,21,16,2,0,0,18.781999999999996,0.8660254037844387,-0.4999999999999998
2021-04-22,24.68,74.23,1023.24,13.28,3.3074999999999997,Rainy,2021,4,22,16,3,0,3,19.526,0.8660254037844387,-0.4999999999999998
2021-04-23,33.77,85.32,1010.48,8.54,3.3074999999999997,Rainy,2021,4,23,16,4,0,3,30.834000000000003,0.8660254037844387,-0.4999999999999998
2021-04-24,27.74,98.0,1012.85,11.84,3.3074999999999997,Rainy,2021,4,24,16,5,1,3,27.34,0.8660254037844387,-0.4999999999999998
2021-04-25,23.99,78.27,1019.82,7.39,0.55,Rainy,2021,4,25,16,6,1,3,19.644,0.8660254037844387,-0.4999999999999998
2021-04-26,21.58,72.06,1021.39,22.74,3.3074999999999997,Rainy,2021,4,26,17,0,0,3,15.991999999999999,0.8660254037844387,-0.4999999999999998
2021-04-27,19.73,80.53,1013.38,6.26,0.0,Cloudy,2021,4,27,17,1,0,1,15.836,0.8660254037844387,-0.4999999999999998
2021-04-28,25.76,79.84,1010.81,23.28,0.0,Cloudy,2021,4,28,17,2,0,1,21.728,0.8660254037844387,-0.4999999999999998
2021-04-29,22.92,69.75,1013.23,9.17,0.0,Clear,2021,4,29,17,3,0,0,16.87,0.8660254037844387,-0.4999999999999998
2021-04-30,21.02,92.24,1015.87,4.86,0.0,Cloudy,2021,4,30,17,4,0,1,19.468,0.8660254037844387,-0.4999999999999998
2021-05-01,23.74,74.68,1018.79,16.7,0.0,Clear,2021,5,1,17,5,1,0,18.676000000000002,0.49999999999999994,-0.8660254037844387
2021-05-02,22.58,78.17,1013.64,9.55,0.0,Cloudy,2021,5,2,17,6,1,1,18.214,0.49999999999999994,-0.8660254037844387
2021-05-03,31.67,73.49,1015.96,13.24,3.3074999999999997,Rainy,2021,5,3,18,0,0,3,26.368000000000002,0.49999999999999994,-0.8660254037844387
2021-05-04,29.32,72.69,1022.43,15.65,0.0,Clear,2021,5,4,18,1,0,0,23.858,0.49999999999999994,-0.8660254037844387
2021-05-05,26.7,78.7,1015.28,10.51,0.0,Cloudy,2021,5,5,18,2,0,1,22.439999999999998,0.49999999999999994,-0.8660254037844387
2021-05-06,31.69,60.64,1014.12,6.91,3.3074999999999997,Thunderstorm,2021,5,6,18,3,0,5,23.818,0.49999999999999994,-0.8660254037844387
2021-05-07,27.42,64.22,1003.77,14.0,0.0,Cloudy,2021,5,7,18,4,0,1,20.264000000000003,0.49999999999999994,-0.8660254037844387
2021-05-08,24.64,60.75,997.52,9.03,0.0,Cloudy,2021,5,8,18,5,1,1,16.79,0.49999999999999994,-0.8660254037844387
2021-05-09,32.49,70.65,1014.46,12.29,0.0,Sunny,2021,5,9,18,6,1,4,26.620000000000005,0.49999999999999994,-0.8660254037844387
2021-05-10,29.57,76.09,1012.0,3.42,3.3074999999999997,Rainy,2021,5,10,19,0,0,3,24.788,0.49999999999999994,-0.8660254037844387
2021-05-11,24.74,76.26,1010.2,11.04,3.3074999999999997,Thunderstorm,2021,5,11,19,1,0,5,19.991999999999997,0.49999999999999994,-0.8660254037844387
2021-05-12,27.67,86.38,1014.31,6.77,0.0,Cloudy,2021,5,12,19,2,0,1,24.946,0.49999999999999994,-0.8660254037844387
2021-05-13,25.69,70.96,1012.78,18.99,3.3074999999999997,Rainy,2021,5,13,19,3,0,3,19.881999999999998,0.49999999999999994,-0.8660254037844387
2021-05-14,24.28,73.59,1020.12,11.95,0.0,Cloudy,2021,5,14,19,4,0,1,18.998,0.49999999999999994,-0.8660254037844387
2021-05-15,31.88,55.77,1012.73,10.05,0.0,Sunny,2021,5,15,19,5,1,4,23.034,0.49999999999999994,-0.8660254037844387
2021-05-16,35.23,60.47,1007.23,11.23,0.0,Cloudy,2021,5,16,19,6,1,1,27.323999999999998,0.49999999999999994,-0.8660254037844387
2021-05-17,24.85,78.56,1019.21,5.76,0.0,Cloudy,2021,5,17,20,0,0,1,20.562,0.49999999999999994,-0.8660254037844387
2021-05-18,31.33,75.56,1011.0,18.74,0.0,Cloudy,2021,5,18,20,1,0,1,26.442,0.49999999999999994,-0.8660254037844387
2021-05-19,27.65,66.71,1016.01,22.11,0.0,Clear,2021,5,19,20,2,0,0,20.991999999999997,0.49999999999999994,-0.8660254037844387
2021-05-20,28.38,68.42,1009.88,10.77,0.0,Clear,2021,5,20,20,3,0,0,22.064,0.49999999999999994,-0.8660254037844387
2021-05-21,28.24,54.05,1008.87,18.46,0.0,Clear,2021,5,21,20,4,0,0,19.049999999999997,0.49999999999999994,-0.8660254037844387
2021-05-22,27.56,66.14,1013.37,6.99,0.0,Clear,2021,5,22,20,5,1,0,20.787999999999997,0.49999999999999994,-0.8660254037844387
2021-05-23,30.67,76.43,1012.48,6.3,0.0,Cloudy,2021,5,23,20,6,1,1,25.956000000000003,0.49999999999999994,-0.8660254037844387
2021-05-24,28.05,75.12,1015.67,9.19,0.0,Cloudy,2021,5,24,21,0,0,1,23.074,0.49999999999999994,-0.8660254037844387
2021-05-25,31.76,71.77,1010.62,10.98,0.0,Sunny,2021,5,25,21,1,0,4,26.114,0.49999999999999994,-0.8660254037844387
2021-05-26,30.92,67.85,1001.34,7.56,0.0,Cloudy,2021,5,26,21,2,0,1,24.490000000000002,0.49999999999999994,-0.8660254037844387
2021-05-27,30.5,67.72,1009.83,11.5,0.0,Sunny,2021,5,27,21,3,0,4,24.044,0.49999999999999994,-0.8660254037844387
2021-05-28,28.54,62.42,1017.48,10.36,0.0,Clear,2021,5,28,21,4,0,0,21.024,0.49999999999999994,-0.8660254037844387
2021-05-29,29.77,75.15,1010.75,5.76,0.0,Cloudy,2021,5,29,21,5,1,1,24.8,0.49999999999999994,-0.8660254037844387
2021-05-30,34.21,69.26,1010.39,11.4,0.0,Sunny,2021,5,30,21,6,1,4,28.062,0.49999999999999994,-0.8660254037844387
2021-05-31,33.57,70.42,1017.88,13.31,0.0,Sunny,2021,5,31,22,0,0,4,27.654,0.49999999999999994,-0.8660254037844387
2021-06-01,29.0,63.44,1008.38,9.75,0.0,Clear,2021,6,1,22,1,0,0,21.688,1.2246467991473532e-16,-1.0
2021-06-02,32.61,44.64,1002.85,15.16,0.0,Cloudy,2021,6,2,22,2,0,1,21.538,1.2246467991473532e-16,-1.0
2021-06-03,34.86,75.57,1010.81,5.22,3.3074999999999997,Rainy,2021,6,3,22,3,0,3,29.973999999999997,1.2246467991473532e-16,-1.0
2021-06-04,27.27,65.12,1010.0,11.14,0.0,Clear,2021,6,4,22,4,0,0,20.294,1.2246467991473532e-16,-1.0
2021-06-05,34.51,56.22,1006.03,5.33,0.0,Cloudy,2021,6,5,22,5,1,1,25.753999999999998,1.2246467991473532e-16,-1.0
2021-06-06,30.8,74.37,1011.33,5.47,0.0,Sunny,2021,6,6,22,6,1,4,25.674,1.2246467991473532e-16,-1.0
2021-06-07,34.9,60.65,1014.71,6.79,0.0,Sunny,2021,6,7,23,0,0,4,27.029999999999998,1.2246467991473532e-16,-1.0
2021-06-08,30.78,78.05,1012.33,5.91,3.3074999999999997,Thunderstorm,2021,6,8,23,1,0,5,26.39,1.2246467991473532e-16,-1.0
2021-06-09,27.59,75.86,1014.7,7.05,0.0,Cloudy,2021,6,9,23,2,0,1,22.762,1.2246467991473532e-16,-1.0
2021-06-10,28.29,76.03,1023.64,8.2,3.28,Rainy,2021,6,10,23,3,0,3,23.496,1.2246467991473532e-16,-1.0
2021-06-11,33.79,51.69,1009.87,13.15,0.0,Sunny,2021,6,11,23,4,0,4,24.128,1.2246467991473532e-16,-1.0
2021-06-12,34.6,76.9,1013.48,7.81,0.0,Cloudy,2021,6,12,23,5,1,1,29.980000000000004,1.2246467991473532e-16,-1.0
2021-06-13,31.0,69.91,1009.29,4.42,3.3074999999999997,Rainy,2021,6,13,23,6,1,3,24.982,1.2246467991473532e-16,-1.0
2021-06-14,36.07,60.06,1006.51,15.07,0.0,Cloudy,2021,6,14,24,0,0,1,28.082,1.2246467991473532e-16,-1.0
2021-06-15,28.83,70.25,1009.17,6.19,0.96,Rainy,2021,6,15,24,1,0,3,22.88,1.2246467991473532e-16,-1.0
2021-06-16,34.05,47.4,1009.02,8.79,3.3074999999999997,Thunderstorm,2021,6,16,24,2,0,5,23.529999999999998,1.2246467991473532e-16,-1.0
2021-06-17,30.5,71.74,1014.58,11.03,0.0,Sunny,2021,6,17,24,3,0,4,24.848,1.2246467991473532e-16,-1.0
2021-06-18,32.4,56.03,1026.23,9.87,0.0,Sunny,2021,6,18,24,4,0,4,23.605999999999998,1.2246467991473532e-16,-1.0
2021-06-19,34.75,51.15,1007.49,14.77,0.0,Cloudy,2021,6,19,24,5,1,1,24.98,1.2246467991473532e-16,-1.0
2021-06-20,31.94,51.42,1009.71,11.2,0.0,Sunny,2021,6,20,24,6,1,4,22.224000000000004,1.2246467991473532e-16,-1.0
2021-06-21,33.57,76.63,1011.59,6.13,1.11,Rainy,2021,6,21,25,0,0,3,28.896,1.2246467991473532e-16,-1.0
2021-06-22,38.11,56.03,1013.66,24.06,0.0,Sunny,2021,6,22,25,1,0,4,29.316,1.2246467991473532e-16,-1.0
2021-06-23,33.14,81.14,1013.61,9.85,0.0,Cloudy,2021,6,23,25,2,0,1,29.368000000000002,1.2246467991473532e-16,-1.0
2021-06-24,37.75,57.22,1019.04,8.45,0.0,Sunny,2021,6,24,25,3,0,4,29.194,1.2246467991473532e-16,-1.0
2021-06-25,31.54,49.85,997.71,13.93,0.0,Cloudy,2021,6,25,25,4,0,1,21.509999999999998,1.2246467991473532e-16,-1.0
2021-06-26,36.93,51.98,997.14,10.1,0.0,Cloudy,2021,6,26,25,5,1,1,27.326,1.2246467991473532e-16,-1.0
2021-06-27,39.93,73.41,1008.04,10.8,0.0,Sunny,2021,6,27,25,6,1,4,34.612,1.2246467991473532e-16,-1.0
2021-06-28,27.48,68.21,1019.46,26.843750000000004,0.0,Clear,2021,6,28,26,0,0,0,21.122,1.2246467991473532e-16,-1.0
2021-06-29,32.91,60.48,1002.67,7.97,0.0,Cloudy,2021,6,29,26,1,0,1,25.005999999999997,1.2246467991473532e-16,-1.0
2021-06-30,37.37,64.44,993.35,7.82,0.0,Cloudy,2021,6,30,26,2,0,1,30.257999999999996,1.2246467991473532e-16,-1.0
2021-07-01,34.93,69.57,1015.19,9.51,0.0,Sunny,2021,7,1,26,3,0,4,28.843999999999998,-0.4999999999999997,-0.8660254037844388
2021-07-02,36.83,74.39,1012.94,14.62,0.0,Sunny,2021,7,2,26,4,0,4,31.708,-0.4999999999999997,-0.8660254037844388
2021-07-03,33.76,79.85,1005.39,4.58,3.3074999999999997,Rainy,2021,7,3,26,5,1,3,29.729999999999997,-0.4999999999999997,-0.8660254037844388
2021-07-04,36.02,60.19,1005.68,3.73,3.3074999999999997,Rainy,2021,7,4,26,6,1,3,28.058000000000003,-0.4999999999999997,-0.8660254037844388
2021-07-05,35.28,51.04,1005.89,6.93,0.0,Cloudy,2021,7,5,27,0,0,1,25.488,-0.4999999999999997,-0.8660254037844388
2021-07-06,39.56,57.17,1011.73,4.33,0.0,Sunny,2021,7,6,27,1,0,4,30.994000000000003,-0.4999999999999997,-0.8660254037844388
2021-07-07,36.67,65.93,1007.74,7.45,0.0,Cloudy,2021,7,7,27,2,0,1,29.856,-0.4999999999999997,-0.8660254037844388
2021-07-08,36.97,53.48,1014.42,11.31,0.0,Sunny,2021,7,8,27,3,0,4,27.665999999999997,-0.4999999999999997,-0.8660254037844388
2021-07-09,34.6,55.21,994.68,6.04,0.0,Cloudy,2021,7,9,27,4,0,1,25.642000000000003,-0.4999999999999997,-0.8660254037844388
2021-07-10,34.38,68.37,1006.7,4.75,0.0,Cloudy,2021,7,10,27,5,1,1,28.054000000000002,-0.4999999999999997,-0.8660254037844388
2021-07-11,34.58,64.31,1005.06,9.31,0.0,Cloudy,2021,7,11,27,6,1,1,27.442,-0.4999999999999997,-0.8660254037844388
2021-07-12,37.24,63.26,1009.88,13.31,0.0,Sunny,2021,7,12,28,0,0,4,29.892000000000003,-0.4999999999999997,-0.8660254037844388
2021-07-13,34.64,57.17,1008.58,4.21,0.0,Sunny,2021,7,13,28,1,0,4,26.074,-0.4999999999999997,-0.8660254037844388
2021-07-14,36.92,60.85,1016.25,13.05,0.0,Sunny,2021,7,14,28,2,0,4,29.090000000000003,-0.4999999999999997,-0.8660254037844388
2021-07-15,42.64,49.91,999.45,13.04,0.0,Cloudy,2021,7,15,28,3,0,1,32.622,-0.4999999999999997,-0.8660254037844388
2021-07-16,38.79,70.75,1011.45,13.86,0.0,Sunny,2021,7,16,28,4,0,4,32.94,-0.4999999999999997,-0.8660254037844388
2021-07-17,34.95,74.89,1015.11,15.62,0.0,Sunny,2021,7,17,28,5,1,4,29.928000000000004,-0.4999999999999997,-0.8660254037844388
2021-07-18,39.83,42.66,1022.17,24.31,0.0,Sunny,2021,7,18,28,6,1,4,28.362,-0.4999999999999997,-0.8660254037844388
2021-07-19,34.66,55.44,1008.91,7.69,0.0,Sunny,2021,7,19,29,0,0,4,25.747999999999998,-0.4999999999999997,-0.8660254037844388
2021-07-20,29.43,53.43,1014.53,9.48,0.0,Clear,2021,7,20,29,1,0,0,20.116,-0.4999999999999997,-0.8660254037844388
2021-07-21,32.71,59.6,1001.27,7.48,0.0,Cloudy,2021,7,21,29,2,0,1,24.630000000000003,-0.4999999999999997,-0.8660254037844388
2021-07-22,29.92,67.22,998.16,9.03,0.0,Cloudy,2021,7,22,29,3,0,1,23.364,-0.4999999999999997,-0.8660254037844388
2021-07-23,34.75,50.18,1016.86,17.99,0.0,Sunny,2021,7,23,29,4,0,4,24.786,-0.4999999999999997,-0.8660254037844388
2021-07-24,35.9,54.65,1011.58,4.93,0.0,Sunny,2021,7,24,29,5,1,4,26.83,-0.4999999999999997,-0.8660254037844388
2021-07-25,41.17,50.14,1017.9,6.13,0.0,Sunny,2021,7,25,29,6,1,4,31.198,-0.4999999999999997,-0.8660254037844388
2021-07-26,36.81,65.31,1003.24,16.77,0.0,Cloudy,2021,7,26,30,0,0,1,29.872000000000003,-0.4999999999999997,-0.8660254037844388
2021-07-27,35.01,65.19,1014.87,14.28,0.0,Sunny,2021,7,27,30,1,0,4,28.048,-0.4999999999999997,-0.8660254037844388
2021-07-28,38.32,54.96,1013.56,7.66,3.3074999999999997,Rainy,2021,7,28,30,2,0,3,29.312,-0.4999999999999997,-0.8660254037844388
2021-07-29,28.53,70.8,1015.24,13.26,3.3074999999999997,Thunderstorm,2021,7,29,30,3,0,5,22.69,-0.4999999999999997,-0.8660254037844388
2021-07-30,36.31,58.12,1013.21,10.52,0.0,Sunny,2021,7,30,30,4,0,4,27.934,-0.4999999999999997,-0.8660254037844388
2021-07-31,37.96,59.71,1011.36,17.73,0.0,Sunny,2021,7,31,30,5,1,4,29.902,-0.4999999999999997,-0.8660254037844388
2021-08-01,30.69,84.25,1002.97,9.33,0.0,Cloudy,2021,8,1,30,6,1,1,27.540000000000003,-0.8660254037844385,-0.5000000000000004
2021-08-02,39.01,75.1,1019.28,14.32,0.0,Cloudy,2021,8,2,31,0,0,1,34.029999999999994,-0.8660254037844385,-0.5000000000000004
2021-08-03,36.36,50.55,1007.88,26.843750000000004,0.0,Cloudy,2021,8,3,31,1,0,1,26.47,-0.8660254037844385,-0.5000000000000004
2021-08-04,33.87,73.59,1014.95,11.81,0.0,Sunny,2021,8,4,31,2,0,4,28.587999999999997,-0.8660254037844385,-0.5000000000000004
2021-08-05,37.14,71.12,1002.05,9.23,3.3074999999999997,Rainy,2021,8,5,31,3,0,3,31.364,-0.8660254037844385,-0.5000000000000004
2021-08-06,42.3,47.91,1003.58,12.49,0.0,Cloudy,2021,8,6,31,4,0,1,31.881999999999998,-0.8660254037844385,-0.5000000000000004
2021-08-07,35.52,72.32,1020.28,7.66,3.3074999999999997,Rainy,2021,8,7,31,5,1,3,29.984,-0.8660254037844385,-0.5000000000000004
2021-08-08,35.64,79.43,1009.57,26.43,2.37,Rainy,2021,8,8,31,6,1,3,31.526000000000003,-0.8660254037844385,-0.5000000000000004
2021-08-09,33.28,54.48,1020.73,9.79,0.0,Sunny,2021,8,9,32,0,0,4,24.176000000000002,-0.8660254037844385,-0.5000000000000004
2021-08-10,31.93,57.47,1011.74,7.98,0.0,Sunny,2021,8,10,32,1,0,4,23.424,-0.8660254037844385,-0.5000000000000004
2021-08-11,37.2,73.14,1000.37,6.2,0.95,Rainy,2021,8,11,32,2,0,3,31.828000000000003,-0.8660254037844385,-0.5000000000000004
2021-08-12,31.69,69.53,1017.6,14.79,0.0,Sunny,2021,8,12,32,3,0,4,25.596000000000004,-0.8660254037844385,-0.5000000000000004
2021-08-13,34.55,70.33,1008.28,13.33,3.3074999999999997,Rainy,2021,8,13,32,4,0,3,28.615999999999996,-0.8660254037844385,-0.5000000000000004
2021-08-14,32.68,69.53,1016.29,7.22,0.0,Sunny,2021,8,14,32,5,1,4,26.586,-0.8660254037844385,-0.5000000000000004
2021-08-15,35.62,67.97,1011.81,11.7,3.3074999999999997,Rainy,2021,8,15,32,6,1,3,29.214,-0.8660254037844385,-0.5000000000000004
2021-08-16,35.03,51.21,1002.49,4.58,0.0,Cloudy,2021,8,16,33,0,0,1,25.272000000000002,-0.8660254037844385,-0.5000000000000004
2021-08-17,37.15,73.47,1012.41,9.81,0.0,Sunny,2021,8,17,33,1,0,4,31.843999999999998,-0.8660254037844385,-0.5000000000000004
2021-08-18,32.07,78.25,1025.37,11.06,0.0,Cloudy,2021,8,18,33,2,0,1,27.72,-0.8660254037844385,-0.5000000000000004
2021-08-19,32.71,63.81,1015.05,19.46,3.3074999999999997,Rainy,2021,8,19,33,3,0,3,25.472,-0.8660254037844385,-0.5000000000000004
2021-08-20,30.3,67.36,1012.11,6.38,0.0,Sunny,2021,8,20,33,4,0,4,23.772,-0.8660254037844385,-0.5000000000000004
2021-08-21,31.87,51.38,1018.67,5.08,0.0,Sunny,2021,8,21,33,5,1,4,22.146,-0.8660254037844385,-0.5000000000000004
2021-08-22,34.35,70.1,1013.11,6.03,0.0,Sunny,2021,8,22,33,6,1,4,28.37,-0.8660254037844385,-0.5000000000000004
2021-08-23,35.42,69.93,1012.94,4.95,0.0,Sunny,2021,8,23,34,0,0,4,29.406000000000002,-0.8660254037844385,-0.5000000000000004
2021-08-24,29.9,67.45,1005.97,16.47,0.0,Cloudy,2021,8,24,34,1,0,1,23.39,-0.8660254037844385,-0.5000000000000004
2021-08-25,35.48,75.41,1013.08,18.12,0.0,Cloudy,2021,8,25,34,2,0,1,30.561999999999998,-0.8660254037844385,-0.5000000000000004
2021-08-26,36.88,59.84,1017.68,10.42,0.0,Sunny,2021,8,26,34,3,0,4,28.848000000000003,-0.8660254037844385,-0.5000000000000004
2021-08-27,33.7,71.06,1006.93,15.64,0.0,Cloudy,2021,8,27,34,4,0,1,27.912000000000003,-0.8660254037844385,-0.5000000000000004
2021-08-28,38.22,52.05,1019.81,9.59,3.3074999999999997,Rainy,2021,8,28,34,5,1,3,28.63,-0.8660254037844385,-0.5000000000000004
2021-08-29,29.57,68.07,1012.01,8.65,0.0,Clear,2021,8,29,34,6,1,0,23.183999999999997,-0.8660254037844385,-0.5000000000000004
2021-08-30,27.9,67.73,1007.49,7.77,0.0,Cloudy,2021,8,30,35,0,0,1,21.445999999999998,-0.8660254037844385,-0.5000000000000004
2021-08-31,26.01,73.05,1019.08,7.85,0.0,Clear,2021,8,31,35,1,0,0,20.62,-0.8660254037844385,-0.5000000000000004
2021-09-01,36.32,59.88,1009.83,4.5,0.0,Sunny,2021,9,1,35,2,0,4,28.296,-1.0,-1.8369701987210297e-16
2021-09-02,33.45,64.27,1016.54,10.16,0.0,Sunny,2021,9,2,35,3,0,4,26.304000000000002,-1.0,-1.8369701987210297e-16
2021-09-03,30.99,75.57,1010.6,8.86,3.3074999999999997,Thunderstorm,2021,9,3,35,4,0,5,26.104,-1.0,-1.8369701987210297e-16
2021-09-04,31.88,62.32,1011.86,12.62,0.0,Sunny,2021,9,4,35,5,1,4,24.344,-1.0,-1.8369701987210297e-16
2021-09-05,27.2,53.89,1015.88,9.41,0.0,Clear,2021,9,5,35,6,1,0,17.978,-1.0,-1.8369701987210297e-16
2021-09-06,38.44,79.59,1012.98,8.39,2.2,Rainy,2021,9,6,36,0,0,3,34.358,-1.0,-1.8369701987210297e-16
2021-09-07,30.84,81.23,1000.4,6.1,3.3074999999999997,Rainy,2021,9,7,36,1,0,3,27.086000000000002,-1.0,-1.8369701987210297e-16
2021-09-08,30.58,54.67,1005.69,9.32,1.85,Rainy,2021,9,8,36,2,0,3,21.514,-1.0,-1.8369701987210297e-16
2021-09-09,32.36,73.25,1017.72,12.58,0.0,Sunny,2021,9,9,36,3,0,4,27.009999999999998,-1.0,-1.8369701987210297e-16
2021-09-10,31.37,62.01,1011.5,5.4,0.0,Sunny,2021,9,10,36,4,0,4,23.772,-1.0,-1.8369701987210297e-16
2021-09-11,30.35,70.39,1009.31,9.39,3.3074999999999997,Rainy,2021,9,11,36,5,1,3,24.428,-1.0,-1.8369701987210297e-16
2021-09-12,26.9,73.11,1004.81,10.02,3.3074999999999997,Thunderstorm,2021,9,12,36,6,1,5,21.522,-1.0,-1.8369701987210297e-16
2021-09-13,30.73,65.14,1005.91,6.53,0.0,Cloudy,2021,9,13,37,0,0,1,23.758000000000003,-1.0,-1.8369701987210297e-16
2021-09-14,35.04,56.63,999.61,6.93,0.0,Cloudy,2021,9,14,37,1,0,1,26.366,-1.0,-1.8369701987210297e-16
2021-09-15,33.11,58.92,1011.43,10.01,0.0,Sunny,2021,9,15,37,2,0,4,24.894,-1.0,-1.8369701987210297e-16
2021-09-16,33.69,56.26,1008.36,5.42,3.3074999999999997,Rainy,2021,9,16,37,3,0,3,24.941999999999997,-1.0,-1.8369701987210297e-16
2021-09-17,26.75,61.96,1007.19,10.56,0.0,Cloudy,2021,9,17,37,4,0,1,19.142,-1.0,-1.8369701987210297e-16
2021-09-18,25.0,70.83,1012.84,6.03,0.0,Clear,2021,9,18,37,5,1,0,19.166,-1.0,-1.8369701987210297e-16
2021-09-19,27.55,62.56,1015.05,14.56,0.0,Clear,2021,9,19,37,6,1,0,20.062,-1.0,-1.8369701987210297e-16
2021-09-20,27.91,76.28,1025.37,25.84,0.0,Cloudy,2021,9,20,38,0,0,1,23.166,-1.0,-1.8369701987210297e-16
2021-09-21,31.01,82.17,1003.28,6.13,3.3074999999999997,Rainy,2021,9,21,38,1,0,3,27.444000000000003,-1.0,-1.8369701987210297e-16
2021-09-22,21.87,67.89,1020.68,11.48,0.0,Clear,2021,9,22,38,2,0,0,15.448,-1.0,-1.8369701987210297e-16
2021-09-23,31.96,69.02,1018.04,6.51,3.3074999999999997,Rainy,2021,9,23,38,3,0,3,25.764,-1.0,-1.8369701987210297e-16
2021-09-24,26.33,75.57,1008.38,14.42,0.0,Cloudy,2021,9,24,38,4,0,1,21.443999999999996,-1.0,-1.8369701987210297e-16
2021-09-25,25.25,76.05,1014.43,5.11,0.0,Cloudy,2021,9,25,38,5,1,1,20.46,-1.0,-1.8369701987210297e-16
2021-09-26,23.14,73.56,1010.78,11.2,0.0,Clear,2021,9,26,38,6,1,0,17.852,-1.0,-1.8369701987210297e-16
2021-09-27,20.86,81.82,1014.99,6.09,3.3074999999999997,Rainy,2021,9,27,39,0,0,3,17.223999999999997,-1.0,-1.8369701987210297e-16
2021-09-28,28.56,73.83,1021.77,8.22,0.0,Clear,2021,9,28,39,1,0,0,23.326,-1.0,-1.8369701987210297e-16
2021-09-29,25.93,58.47,1016.74,5.67,0.0,Clear,2021,9,29,39,2,0,0,17.624,-1.0,-1.8369701987210297e-16
2021-09-30,21.33,82.76,1016.85,13.07,0.0,Cloudy,2021,9,30,39,3,0,1,17.881999999999998,-1.0,-1.8369701987210297e-16
2021-10-01,21.08,83.12,1011.26,6.19,3.3074999999999997,Rainy,2021,10,1,39,4,0,3,17.704,-0.8660254037844386,0.5000000000000001
2021-10-02,23.91,64.63,1004.51,11.57,3.07,Rainy,2021,10,2,39,5,1,3,16.836,-0.8660254037844386,0.5000000000000001
2021-10-03,30.09,68.32,1011.24,7.73,0.0,Sunny,2021,10,3,39,6,1,4,23.753999999999998,-0.8660254037844386,0.5000000000000001
2021-10-04,23.69,79.25,1020.69,8.57,0.0,Cloudy,2021,10,4,40,0,0,1,19.54,-0.8660254037844386,0.5000000000000001
2021-10-05,19.47,73.28,1004.92,9.65,1.82,Rainy,2021,10,5,40,1,0,3,14.126,-0.8660254037844386,0.5000000000000001
2021-10-06,23.25,83.45,1007.18,6.41,0.0,Cloudy,2021,10,6,40,2,0,1,19.94,-0.8660254037844386,0.5000000000000001
2021-10-07,22.93,96.59,1014.32,9.92,0.0,Cloudy,2021,10,7,40,3,0,1,22.248,-0.8660254037844386,0.5000000000000001
2021-10-08,14.93,70.69,1008.85,17.97,0.0,Clear,2021,10,8,40,4,0,0,9.068,-0.8660254037844386,0.5000000000000001
2021-10-09,23.15,58.98,1008.77,6.36,3.3074999999999997,Rainy,2021,10,9,40,5,1,3,14.945999999999998,-0.8660254037844386,0.5000000000000001
2021-10-10,22.34,76.4,1011.11,15.29,3.3074999999999997,Rainy,2021,10,10,40,6,1,3,17.62,-0.8660254037844386,0.5000000000000001
2021-10-11,25.07,78.67,1005.05,17.71,3.3074999999999997,Rainy,2021,10,11,41,0,0,3,20.804000000000002,-0.8660254037844386,0.5000000000000001
2021-10-12,28.52,66.73,1006.88,6.25,0.0,Cloudy,2021,10,12,41,1,0,1,21.866,-0.8660254037844386,0.5000000000000001
2021-10-13,25.97,85.35,1017.33,4.69,0.0,Cloudy,2021,10,13,41,2,0,1,23.04,-0.8660254037844386,0.5000000000000001
2021-10-14,21.26,60.73,1005.97,10.34,3.3074999999999997,Rainy,2021,10,14,41,3,0,3,13.406,-0.8660254037844386,0.5000000000000001
2021-10-15,18.34,83.09,1004.66,7.05,3.3074999999999997,Rainy,2021,10,15,41,4,0,3,14.958,-0.8660254037844386,0.5000000000000001
2021-10-16,29.87,62.03,1008.74,20.92,0.0,Clear,2021,10,16,41,5,1,0,22.276000000000003,-0.8660254037844386,0.5000000000000001
2021-10-17,21.59,91.08,1018.15,9.17,0.0,Cloudy,2021,10,17,41,6,1,1,19.806,-0.8660254037844386,0.5000000000000001
2021-10-18,21.2,94.09,1012.64,6.29,3.3074999999999997,Rainy,2021,10,18,42,0,0,3,20.018,-0.8660254037844386,0.5000000000000001
2021-10-19,20.84,66.75,1011.09,5.39,0.0,Clear,2021,10,19,42,1,0,0,14.19,-0.8660254037844386,0.5000000000000001
2021-10-20,21.31,68.59,1014.07,14.74,3.3074999999999997,Rainy,2021,10,20,42,2,0,3,15.027999999999999,-0.8660254037844386,0.5000000000000001
2021-10-21,19.97,83.62,1003.53,6.98,2.66,Rainy,2021,10,21,42,3,0,3,16.694,-0.8660254037844386,0.5000000000000001
2021-10-22,18.36,72.28,1017.21,9.2,0.0,Clear,2021,10,22,42,4,0,0,12.815999999999999,-0.8660254037844386,0.5000000000000001
2021-10-23,18.21,75.8,1016.57,13.88,0.0,Cloudy,2021,10,23,42,5,1,1,13.370000000000001,-0.8660254037844386,0.5000000000000001
2021-10-24,19.62,75.52,1011.6,7.26,3.3074999999999997,Rainy,2021,10,24,42,6,1,3,14.724,-0.8660254037844386,0.5000000000000001
2021-10-25,17.74,57.39,1020.37,8.84,0.0,Clear,2021,10,25,43,0,0,0,9.217999999999998,-0.8660254037844386,0.5000000000000001
2021-10-26,16.97,76.98,1007.69,8.96,3.3074999999999997,Rainy,2021,10,26,43,1,0,3,12.366,-0.8660254037844386,0.5000000000000001
2021-10-27,19.35,68.56,1020.86,12.27,3.3074999999999997,Rainy,2021,10,27,43,2,0,3,13.062000000000001,-0.8660254037844386,0.5000000000000001
2021-10-28,17.96,71.5,1015.23,11.77,0.0,Clear,2021,10,28,43,3,0,0,12.260000000000002,-0.8660254037844386,0.5000000000000001
2021-10-29,23.35,87.09,1011.48,8.17,0.0,Cloudy,2021,10,29,43,4,0,1,20.768,-0.8660254037844386,0.5000000000000001
2021-10-30,9.83,69.55,1015.41,9.29,0.0,Clear,2021,10,30,43,5,1,0,3.7399999999999993,-0.8660254037844386,0.5000000000000001
2021-10-31,21.57,82.03,1013.12,7.63,0.0,Cloudy,2021,10,31,43,6,1,1,17.976,-0.8660254037844386,0.5000000000000001
2021-11-01,21.83,70.93,1021.05,4.64,0.0,Clear,2021,11,1,44,0,0,0,16.016,-0.5000000000000004,0.8660254037844384
2021-11-02,10.98,78.52,1008.89,10.13,3.3074999999999997,Rainy,2021,11,2,44,1,0,3,6.683999999999999,-0.5000000000000004,0.8660254037844384
2021-11-03,16.29,85.5,1009.98,21.15,3.3074999999999997,Thunderstorm,2021,11,3,44,2,0,5,13.389999999999999,-0.5000000000000004,0.8660254037844384
2021-11-04,15.97,81.22,1020.82,6.06,3.3074999999999997,Rainy,2021,11,4,44,3,0,3,12.214,-0.5000000000000004,0.8660254037844384
2021-11-05,12.43,86.01,1011.56,6.37,3.3074999999999997,Rainy,2021,11,5,44,4,0,3,9.632000000000001,-0.5000000000000004,0.8660254037844384
2021-11-06,14.22,88.73,1020.27,6.1,1.92,Rainy,2021,11,6,44,5,1,3,11.966000000000001,-0.5000000000000004,0.8660254037844384
2021-11-07,12.94,76.63,1025.26,12.5,0.0,Cloudy,2021,11,7,44,6,1,1,8.265999999999998,-0.5000000000000004,0.8660254037844384
2021-11-08,21.88,67.56,1011.31,11.04,0.0,Clear,2021,11,8,45,0,0,0,15.392,-0.5000000000000004,0.8660254037844384
2021-11-09,19.04,64.82,1018.23,8.4,0.0,Clear,2021,11,9,45,1,0,0,12.003999999999998,-0.5000000000000004,0.8660254037844384
2021-11-10,19.9,66.82,1007.09,5.97,0.0,Cloudy,2021,11,10,45,2,0,1,13.263999999999998,-0.5000000000000004,0.8660254037844384
2021-11-11,17.93,98.0,1018.84,9.41,0.0,Cloudy,2021,11,11,45,3,0,1,17.53,-0.5000000000000004,0.8660254037844384
2021-11-12,11.79,93.19,1016.43,4.46,1.14,Rainy,2021,11,12,45,4,0,3,10.427999999999999,-0.5000000000000004,0.8660254037844384
2021-11-13,13.51,66.03,1017.81,9.63,0.62,Rainy,2021,11,13,45,5,1,3,6.716,-0.5000000000000004,0.8660254037844384
2021-11-14,16.55,64.19,1010.64,13.36,0.0,Clear,2021,11,14,45,6,1,0,9.388,-0.5000000000000004,0.8660254037844384
2021-11-15,10.86,86.22,1005.4,5.14,0.6,Rainy,2021,11,15,46,0,0,3,8.104,-0.5000000000000004,0.8660254037844384
2021-11-16,16.85,82.68,1017.49,4.53,0.0,Cloudy,2021,11,16,46,1,0,1,13.386000000000003,-0.5000000000000004,0.8660254037844384
2021-11-17,13.6,84.97,1002.58,18.37,3.3074999999999997,Rainy,2021,11,17,46,2,0,3,10.594,-0.5000000000000004,0.8660254037844384
2021-11-18,12.97,77.37,1013.15,6.85,0.0,Cloudy,2021,11,18,46,3,0,1,8.444000000000003,-0.5000000000000004,0.8660254037844384
2021-11-19,16.24,76.38,1020.21,15.05,0.0,Cloudy,2021,11,19,46,4,0,1,11.515999999999998,-0.5000000000000004,0.8660254037844384
2021-11-20,15.19,81.65,1015.87,8.42,0.0,Cloudy,2021,11,20,46,5,1,1,11.52,-0.5000000000000004,0.8660254037844384
2021-11-21,12.42,81.16,1026.83,8.39,0.0,Cloudy,2021,11,21,46,6,1,1,8.652,-0.5000000000000004,0.8660254037844384
2021-11-22,17.1,54.84,1020.59,10.99,0.0,Clear,2021,11,22,47,0,0,0,8.068000000000001,-0.5000000000000004,0.8660254037844384
2021-11-23,9.74,79.88,1011.62,6.06,3.3074999999999997,Rainy,2021,11,23,47,1,0,3,5.715999999999999,-0.5000000000000004,0.8660254037844384
2021-11-24,14.98,70.0,1014.92,9.58,0.0,Clear,2021,11,24,47,2,0,0,8.98,-0.5000000000000004,0.8660254037844384
2021-11-25,14.73,80.44,1014.51,7.6,0.0,Cloudy,2021,11,25,47,3,0,1,10.818,-0.5000000000000004,0.8660254037844384
2021-11-26,11.66,98.0,1005.76,4.98,3.3074999999999997,Rainy,2021,11,26,47,4,0,3,11.26,-0.5000000000000004,0.8660254037844384
2021-11-27,13.51,83.22,1009.33,10.51,0.0,Cloudy,2021,11,27,47,5,1,1,10.154,-0.5000000000000004,0.8660254037844384
2021-11-28,8.29,80.06,1012.39,8.02,0.0,Cloudy,2021,11,28,47,6,1,1,4.302,-0.5000000000000004,0.8660254037844384
2021-11-29,15.08,87.66,1002.52,8.41,0.0,Cloudy,2021,11,29,48,0,0,1,12.611999999999998,-0.5000000000000004,0.8660254037844384
2021-11-30,11.36,85.87,1015.58,5.24,0.0,Cloudy,2021,11,30,48,1,0,1,8.534,-0.5000000000000004,0.8660254037844384
2021-12-01,10.11,86.12,1013.99,18.47,0.0,Cloudy,2021,12,1,48,2,0,1,7.3340000000000005,-2.4492935982947064e-16,1.0
2021-12-02,14.98,84.58,1004.72,13.39,3.3074999999999997,Rainy,2021,12,2,48,3,0,3,11.896,-2.4492935982947064e-16,1.0
2021-12-03,9.21,98.0,1018.04,13.93,0.0,Foggy,2021,12,3,48,4,0,2,8.81,-2.4492935982947064e-16,1.0
2021-12-04,6.8,72.93,1020.28,7.87,0.0,Clear,2021,12,4,48,5,1,0,1.386000000000001,-2.4492935982947064e-16,1.0
2021-12-05,6.17,89.42,1017.44,4.14,0.0,Foggy,2021,12,5,48,6,1,2,4.054,-2.4492935982947064e-16,1.0
2021-12-06,12.94,70.68,1013.11,21.73,0.0,Clear,2021,12,6,49,0,0,0,7.0760000000000005,-2.4492935982947064e-16,1.0
2021-12-07,6.76,89.82,1019.53,8.78,0.0,Foggy,2021,12,7,49,1,0,2,4.723999999999998,-2.4492935982947064e-16,1.0
2021-12-08,16.32,68.39,1018.63,6.44,2.92,Rainy,2021,12,8,49,2,0,3,9.998000000000001,-2.4492935982947064e-16,1.0
2021-12-09,3.91,82.09,1018.26,10.89,0.0,Cloudy,2021,12,9,49,3,0,1,0.32800000000000074,-2.4492935982947064e-16,1.0
2021-12-10,15.86,74.95,1009.67,15.26,3.3074999999999997,Thunderstorm,2021,12,10,49,4,0,5,10.85,-2.4492935982947064e-16,1.0
2021-12-11,10.97,91.08,1017.01,8.93,3.3074999999999997,Rainy,2021,12,11,49,5,1,3,9.186,-2.4492935982947064e-16,1.0
2021-12-12,9.86,91.28,1022.69,16.04,0.0,Foggy,2021,12,12,49,6,1,2,8.116,-2.4492935982947064e-16,1.0
2021-12-13,8.3,70.73,1012.18,14.69,0.0,Clear,2021,12,13,50,0,0,0,2.4460000000000015,-2.4492935982947064e-16,1.0
2021-12-14,11.19,81.72,1027.91,5.56,3.3074999999999997,Rainy,2021,12,14,50,1,0,3,7.533999999999999,-2.4492935982947064e-16,1.0
2021-12-15,9.68,75.13,1012.39,6.66,2.84,Rainy,2021,12,15,50,2,0,3,4.705999999999999,-2.4492935982947064e-16,1.0
2021-12-16,13.21,67.17,1015.21,13.89,0.0,Clear,2021,12,16,50,3,0,0,6.644000000000001,-2.4492935982947064e-16,1.0
2021-12-17,9.93,79.88,1011.48,2.66,3.3074999999999997,Rainy,2021,12,17,50,4,0,3,5.905999999999999,-2.4492935982947064e-16,1.0
2021-12-18,9.94,78.96,1016.85,8.44,0.0,Cloudy,2021,12,18,50,5,1,1,5.731999999999998,-2.4492935982947064e-16,1.0
2021-12-19,8.19,98.0,1005.32,4.74,0.0,Foggy,2021,12,19,50,6,1,2,7.789999999999999,-2.4492935982947064e-16,1.0
2021-12-20,9.07,86.98,1012.36,7.28,1.96,Rainy,2021,12,20,51,0,0,3,6.466000000000001,-2.4492935982947064e-16,1.0
2021-12-21,10.14,68.13,1008.93,7.89,0.0,Clear,2021,12,21,51,1,0,0,3.766,-2.4492935982947064e-16,1.0
2021-12-22,3.59,80.84,1017.27,7.68,0.0,Cloudy,2021,12,22,51,2,0,1,-0.24199999999999955,-2.4492935982947064e-16,1.0
2021-12-23,4.66,95.95,1022.27,7.04,0.0,Foggy,2021,12,23,51,3,0,2,3.8500000000000005,-2.4492935982947064e-16,1.0
2021-12-24,11.26,98.0,1019.19,5.51,0.0,Foggy,2021,12,24,51,4,0,2,10.86,-2.4492935982947064e-16,1.0
2021-12-25,9.35,66.6,1001.37,25.31,0.0,Cloudy,2021,12,25,51,5,1,1,2.669999999999998,-2.4492935982947064e-16,1.0
2021-12-26,8.13,64.51,1028.03,20.91,0.0,Clear,2021,12,26,51,6,1,0,1.0320000000000018,-2.4492935982947064e-16,1.0
2021-12-27,8.71,98.0,1017.47,5.35,0.0,Foggy,2021,12,27,52,0,0,2,8.31,-2.4492935982947064e-16,1.0
2021-12-28,9.69,86.11,1010.89,18.39,2.62,Rainy,2021,12,28,52,1,0,3,6.911999999999999,-2.4492935982947064e-16,1.0
2021-12-29,6.78,75.57,1016.93,7.54,3.3074999999999997,Rainy,2021,12,29,52,2,0,3,1.8939999999999992,-2.4492935982947064e-16,1.0
2021-12-30,5.96,90.17,1017.16,9.57,0.0,Foggy,2021,12,30,52,3,0,2,3.994,-2.4492935982947064e-16,1.0
2021-12-31,9.02,56.33,1011.65,8.77,0.0,Clear,2021,12,31,52,4,0,0,0.2859999999999996,-2.4492935982947064e-16,1.0
2022-01-01,5.21,85.39,1017.41,6.71,0.0,Cloudy,2022,1,1,52,5,1,1,2.2880000000000003,0.49999999999999994,0.8660254037844387
2022-01-02,9.59,85.57,1011.92,14.05,3.3074999999999997,Rainy,2022,1,2,52,6,1,3,6.703999999999999,0.49999999999999994,0.8660254037844387
2022-01-03,2.79,96.29,1014.16,9.55,0.0,Foggy,2022,1,3,1,0,0,2,2.0480000000000014,0.49999999999999994,0.8660254037844387
2022-01-04,11.49,70.82,1011.16,7.28,3.3074999999999997,Thunderstorm,2022,1,4,1,1,0,5,5.653999999999999,0.49999999999999994,0.8660254037844387
2022-01-05,9.67,83.09,1006.95,5.02,0.0,Cloudy,2022,1,5,1,2,0,1,6.288,0.49999999999999994,0.8660254037844387
2022-01-06,8.94,73.49,1016.53,6.04,0.0,Clear,2022,1,6,1,3,0,0,3.637999999999998,0.49999999999999994,0.8660254037844387
2022-01-07,11.24,83.69,1018.83,4.31,0.0,Cloudy,2022,1,7,1,4,0,1,7.978,0.49999999999999994,0.8660254037844387
2022-01-08,13.4,70.67,1018.08,9.07,0.0,Clear,2022,1,8,1,5,1,0,7.534000000000001,0.49999999999999994,0.8660254037844387
2022-01-09,11.29,77.02,1020.23,5.27,0.0,Cloudy,2022,1,9,1,6,1,1,6.693999999999998,0.49999999999999994,0.8660254037844387
2022-01-10,2.14,77.54,1018.63,8.01,0.0,Cloudy,2022,1,10,2,0,0,1,-2.351999999999999,0.49999999999999994,0.8660254037844387
2022-01-11,3.92,92.77,1013.22,16.72,0.0,Foggy,2022,1,11,2,1,0,2,2.4739999999999993,0.49999999999999994,0.8660254037844387
2022-01-12,6.01,93.38,1021.14,15.48,0.0,Foggy,2022,1,12,2,2,0,2,4.685999999999999,0.49999999999999994,0.8660254037844387
2022-01-13,8.08,81.0,1007.64,8.89,1.02,Rainy,2022,1,13,2,3,0,3,4.28,0.49999999999999994,0.8660254037844387
2022-01-14,9.66,82.62,1010.15,8.68,3.3074999999999997,Rainy,2022,1,14,2,4,0,3,6.184000000000001,0.49999999999999994,0.8660254037844387
2022-01-15,5.68,70.54,1010.36,21.03,0.0,Clear,2022,1,15,2,5,1,0,-0.21199999999999886,0.49999999999999994,0.8660254037844387
2022-01-16,8.61,79.98,1022.19,11.41,3.3074999999999997,Rainy,2022,1,16,2,6,1,3,4.606,0.49999999999999994,0.8660254037844387
2022-01-17,5.6,84.58,1021.82,7.79,0.0,Cloudy,2022,1,17,3,0,0,1,2.515999999999999,0.49999999999999994,0.8660254037844387
2022-01-18,6.08,98.0,1019.01,4.75,0.0,Foggy,2022,1,18,3,1,0,2,5.68,0.49999999999999994,0.8660254037844387
2022-01-19,3.56,75.39,1022.9,10.78,0.0,Cloudy,2022,1,19,3,2,0,1,-1.3619999999999997,0.49999999999999994,0.8660254037844387
2022-01-20,5.13,98.0,1010.95,13.11,0.0,Foggy,2022,1,20,3,3,0,2,4.7299999999999995,0.49999999999999994,0.8660254037844387
2022-01-21,3.78,96.32,1018.52,6.79,0.0,Foggy,2022,1,21,3,4,0,2,3.0439999999999987,0.49999999999999994,0.8660254037844387
2022-01-22,5.02,88.29,1015.5,10.29,0.0,Foggy,2022,1,22,3,5,1,2,2.678000000000001,0.49999999999999994,0.8660254037844387
2022-01-23,11.55,98.0,1020.35,7.66,0.0,Foggy,2022,1,23,3,6,1,2,11.15,0.49999999999999994,0.8660254037844387
2022-01-24,5.18,89.1,1015.53,8.31,0.0,Foggy,2022,1,24,4,0,0,2,2.9999999999999987,0.49999999999999994,0.8660254037844387
2022-01-25,16.69,81.21,1012.19,2.95,3.3074999999999997,Rainy,2022,1,25,4,1,0,3,12.932,0.49999999999999994,0.8660254037844387
2022-01-26,9.89,81.55,1018.76,8.17,3.3074999999999997,Thunderstorm,2022,1,26,4,2,0,5,6.2,0.49999999999999994,0.8660254037844387
2022-01-27,8.95,94.97,1020.91,13.96,0.0,Foggy,2022,1,27,4,3,0,2,7.943999999999999,0.49999999999999994,0.8660254037844387
2022-01-28,5.67,96.0,1012.14,6.79,3.3074999999999997,Thunderstorm,2022,1,28,4,4,0,5,4.87,0.49999999999999994,0.8660254037844387
2022-01-29,10.72,75.24,1015.03,9.24,0.0,Cloudy,2022,1,29,4,5,1,1,5.768,0.49999999999999994,0.8660254037844387
2022-01-30,6.7,71.12,1009.64,6.42,3.3074999999999997,Thunderstorm,2022,1,30,4,6,1,5,0.9240000000000013,0.49999999999999994,0.8660254037844387
2022-01-31,9.0,80.67,1000.66,10.61,3.3074999999999997,Rainy,2022,1,31,5,0,0,3,5.134,0.49999999999999994,0.8660254037844387
2022-02-01,16.88,69.18,1015.67,8.19,0.0,Clear,2022,2,1,5,1,0,0,10.716000000000001,0.8660254037844386,0.5000000000000001
2022-02-02,8.45,82.45,1019.39,5.91,3.3074999999999997,Thunderstorm,2022,2,2,5,2,0,5,4.9399999999999995,0.8660254037844386,0.5000000000000001
2022-02-03,12.52,92.61,1016.69,16.44,0.0,Foggy,2022,2,3,5,3,0,2,11.042,0.8660254037844386,0.5000000000000001
2022-02-04,6.68,79.75,1004.3,13.71,3.3074999999999997,Thunderstorm,2022,2,4,5,4,0,5,2.63,0.8660254037844386,0.5000000000000001
2022-02-05,8.9,82.34,1013.56,6.87,0.0,Cloudy,2022,2,5,5,5,1,1,5.368000000000001,0.8660254037844386,0.5000000000000001
2022-02-06,14.77,79.24,1001.47,11.29,0.0,Cloudy,2022,2,6,5,6,1,1,10.617999999999999,0.8660254037844386,0.5000000000000001
2022-02-07,7.2,92.44,1024.14,11.49,0.0,Foggy,2022,2,7,6,0,0,2,5.688,0.8660254037844386,0.5000000000000001
2022-02-08,15.1,55.96,1008.22,12.05,0.0,Clear,2022,2,8,6,1,0,0,6.292,0.8660254037844386,0.5000000000000001
2022-02-09,11.67,74.76,1022.78,4.21,3.3074999999999997,Rainy,2022,2,9,6,2,0,3,6.622000000000001,0.8660254037844386,0.5000000000000001
2022-02-10,7.71,85.72,1021.52,14.2,0.0,Cloudy,2022,2,10,6,3,0,1,4.853999999999999,0.8660254037844386,0.5000000000000001
2022-02-11,11.65,92.85,1009.85,6.98,0.0,Foggy,2022,2,11,6,4,0,2,10.219999999999999,0.8660254037844386,0.5000000000000001
2022-02-12,12.85,75.09,1008.28,7.68,0.0,Cloudy,2022,2,12,6,5,1,1,7.868,0.8660254037844386,0.5000000000000001
2022-02-13,11.85,61.94,1017.32,26.843750000000004,0.0,Clear,2022,2,13,6,6,1,0,4.2379999999999995,0.8660254037844386,0.5000000000000001
2022-02-14,4.95,91.73,1011.19,10.34,0.68,Rainy,2022,2,14,7,0,0,3,3.296000000000001,0.8660254037844386,0.5000000000000001
2022-02-15,7.78,77.2,1016.45,7.58,0.0,Cloudy,2022,2,15,7,1,0,1,3.2200000000000006,0.8660254037844386,0.5000000000000001
2022-02-16,9.44,70.5,1012.69,3.35,3.3074999999999997,Thunderstorm,2022,2,16,7,2,0,5,3.539999999999999,0.8660254037844386,0.5000000000000001
2022-02-17,10.13,75.67,1004.79,16.87,3.3074999999999997,Rainy,2022,2,17,7,3,0,3,5.264000000000001,0.8660254037844386,0.5000000000000001
2022-02-18,12.49,78.41,1001.74,4.93,2.17,Rainy,2022,2,18,7,4,0,3,8.172,0.8660254037844386,0.5000000000000001
2022-02-19,11.21,75.11,1016.68,5.75,0.0,Cloudy,2022,2,19,7,5,1,1,6.232000000000001,0.8660254037844386,0.5000000000000001
2022-02-20,6.51,62.39,1012.65,7.77,0.0,Clear,2022,2,20,7,6,1,0,-1.0120000000000005,0.8660254037844386,0.5000000000000001
2022-02-21,12.14,89.47,1011.86,17.07,3.3074999999999997,Rainy,2022,2,21,8,0,0,3,10.034,0.8660254037844386,0.5000000000000001
2022-02-22,13.03,92.63,1019.22,12.78,0.0,Foggy,2022,2,22,8,1,0,2,11.556,0.8660254037844386,0.5000000000000001
2022-02-23,13.02,86.4,1022.09,8.41,0.0,Cloudy,2022,2,23,8,2,0,1,10.3,0.8660254037844386,0.5000000000000001
2022-02-24,14.84,67.24,1013.14,10.37,0.0,Clear,2022,2,24,8,3,0,0,8.287999999999998,0.8660254037844386,0.5000000000000001
2022-02-25,14.21,77.04,1012.82,6.89,3.3074999999999997,Rainy,2022,2,25,8,4,0,3,9.618000000000002,0.8660254037844386,0.5000000000000001
2022-02-26,13.17,79.72,1018.03,9.61,3.3074999999999997,Rainy,2022,2,26,8,5,1,3,9.114,0.8660254037844386,0.5000000000000001
2022-02-27,11.64,86.84,1007.11,9.33,0.0,Cloudy,2022,2,27,8,6,1,1,9.008000000000001,0.8660254037844386,0.5000000000000001
2022-02-28,6.72,90.98,1017.33,13.96,0.0,Foggy,2022,2,28,9,0,0,2,4.916,0.8660254037844386,0.5000000000000001
2022-03-01,13.58,72.15,1018.27,13.95,0.0,Clear,2022,3,1,9,1,0,0,8.010000000000002,1.0,6.123233995736766e-17
2022-03-02,13.05,80.68,1019.12,11.27,0.0,Cloudy,2022,3,2,9,2,0,1,9.186000000000002,1.0,6.123233995736766e-17
2022-03-03,13.43,84.17,1003.36,7.67,0.0,Cloudy,2022,3,3,9,3,0,1,10.264,1.0,6.123233995736766e-17
2022-03-04,8.65,97.5,1011.13,12.6,3.3074999999999997,Rainy,2022,3,4,9,4,0,3,8.15,1.0,6.123233995736766e-17
2022-03-05,9.46,89.42,1010.31,8.66,3.3074999999999997,Rainy,2022,3,5,9,5,1,3,7.344000000000001,1.0,6.123233995736766e-17
2022-03-06,16.47,85.36,1015.13,5.55,0.0,Cloudy,2022,3,6,9,6,1,1,13.541999999999998,1.0,6.123233995736766e-17
2022-03-07,13.16,80.63,1017.91,7.53,0.0,Cloudy,2022,3,7,10,0,0,1,9.286,1.0,6.123233995736766e-17
2022-03-08,15.66,92.14,1023.63,9.37,0.0,Cloudy,2022,3,8,10,1,0,1,14.088000000000001,1.0,6.123233995736766e-17
2022-03-09,13.76,83.47,1011.97,13.59,3.3074999999999997,Rainy,2022,3,9,10,2,0,3,10.454,1.0,6.123233995736766e-17
2022-03-10,13.96,70.62,1011.92,8.31,1.91,Rainy,2022,3,10,10,3,0,3,8.084000000000001,1.0,6.123233995736766e-17
2022-03-11,17.07,91.08,1021.34,5.24,0.0,Cloudy,2022,3,11,10,4,0,1,15.286,1.0,6.123233995736766e-17
2022-03-12,12.61,87.15,1016.89,9.26,3.3074999999999997,Rainy,2022,3,12,10,5,1,3,10.040000000000001,1.0,6.123233995736766e-17
2022-03-13,14.78,74.22,1022.39,9.5,0.0,Clear,2022,3,13,10,6,1,0,9.623999999999999,1.0,6.123233995736766e-17
2022-03-14,13.19,74.97,1016.75,9.81,0.0,Clear,2022,3,14,11,0,0,0,8.184,1.0,6.123233995736766e-17
2022-03-15,13.49,82.52,1008.03,13.65,3.3074999999999997,Rainy,2022,3,15,11,1,0,3,9.994,1.0,6.123233995736766e-17
2022-03-16,14.1,83.76,1006.89,14.28,0.0,Cloudy,2022,3,16,11,2,0,1,10.852,1.0,6.123233995736766e-17
2022-03-17,16.01,79.77,1005.29,6.91,0.0,Cloudy,2022,3,17,11,3,0,1,11.964,1.0,6.123233995736766e-17
2022-03-18,13.98,82.33,1018.88,6.84,0.0,Cloudy,2022,3,18,11,4,0,1,10.446,1.0,6.123233995736766e-17
2022-03-19,19.74,92.18,1021.17,5.65,0.0,Cloudy,2022,3,19,11,5,1,1,18.176,1.0,6.123233995736766e-17
2022-03-20,13.08,90.56,1026.13,12.36,0.0,Foggy,2022,3,20,11,6,1,2,11.192,1.0,6.123233995736766e-17
2022-03-21,15.56,80.01,1019.72,17.32,0.0,Cloudy,2022,3,21,12,0,0,1,11.562000000000001,1.0,6.123233995736766e-17
2022-03-22,14.97,87.93,1021.73,7.83,0.0,Cloudy,2022,3,22,12,1,0,1,12.556000000000001,1.0,6.123233995736766e-17
2022-03-23,21.23,63.81,1010.34,8.1,0.0,Clear,2022,3,23,12,2,0,0,13.992,1.0,6.123233995736766e-17
2022-03-24,17.45,80.76,1007.44,17.46,2.06,Rainy,2022,3,24,12,3,0,3,13.602,1.0,6.123233995736766e-17
2022-03-25,20.35,92.85,1019.05,11.33,0.0,Cloudy,2022,3,25,12,4,0,1,18.92,1.0,6.123233995736766e-17
2022-03-26,12.52,78.06,1017.63,10.98,0.0,Cloudy,2022,3,26,12,5,1,1,8.132,1.0,6.123233995736766e-17
2022-03-27,18.36,67.67,1014.89,5.28,0.0,Clear,2022,3,27,12,6,1,0,11.894,1.0,6.123233995736766e-17
2022-03-28,20.58,68.07,1016.24,12.25,0.0,Clear,2022,3,28,13,0,0,0,14.193999999999997,1.0,6.123233995736766e-17
2022-03-29,18.22,65.35,1016.21,5.94,3.3074999999999997,Rainy,2022,3,29,13,1,0,3,11.289999999999997,1.0,6.123233995736766e-17
2022-03-30,21.6,66.03,1021.46,5.42,0.0,Clear,2022,3,30,13,2,0,0,14.806000000000001,1.0,6.123233995736766e-17
2022-03-31,16.77,73.56,1022.25,7.72,0.0,Clear,2022,3,31,13,3,0,0,11.482,1.0,6.123233995736766e-17
2022-04-01,23.17,58.73,1016.79,6.93,0.0,Clear,2022,4,1,13,4,0,0,14.916,0.8660254037844387,-0.4999999999999998
2022-04-02,26.25,70.78,1018.14,8.17,0.0,Clear,2022,4,2,13,5,1,0,20.406,0.8660254037844387,-0.4999999999999998
2022-04-03,17.97,85.44,1017.39,4.72,0.0,Cloudy,2022,4,3,13,6,1,1,15.057999999999998,0.8660254037844387,-0.4999999999999998
2022-04-04,17.94,67.36,1011.54,13.89,3.3074999999999997,Thunderstorm,2022,4,4,14,0,0,5,11.412,0.8660254037844387,-0.4999999999999998
2022-04-05,24.25,87.22,1017.9,14.99,0.0,Cloudy,2022,4,5,14,1,0,1,21.694,0.8660254037844387,-0.4999999999999998
2022-04-06,24.89,76.68,1004.9,3.76,0.0,Cloudy,2022,4,6,14,2,0,1,20.226000000000003,0.8660254037844387,-0.4999999999999998
2022-04-07,18.4,86.43,1020.56,14.02,0.0,Cloudy,2022,4,7,14,3,0,1,15.686,0.8660254037844387,-0.4999999999999998
2022-04-08,18.97,69.14,1006.99,6.27,0.0,Cloudy,2022,4,8,14,4,0,1,12.797999999999998,0.8660254037844387,-0.4999999999999998
2022-04-09,19.65,83.79,1015.77,13.27,0.0,Cloudy,2022,4,9,14,5,1,1,16.408,0.8660254037844387,-0.4999999999999998
2022-04-10,16.49,66.54,1009.46,8.75,0.0,Clear,2022,4,10,14,6,1,0,9.798,0.8660254037844387,-0.4999999999999998
2022-04-11,18.1,85.23,1017.61,9.14,0.0,Cloudy,2022,4,11,15,0,0,1,15.146000000000003,0.8660254037844387,-0.4999999999999998
2022-04-12,18.06,78.08,1014.09,8.3,0.0,Cloudy,2022,4,12,15,1,0,1,13.675999999999998,0.8660254037844387,-0.4999999999999998
2022-04-13,19.06,81.19,1004.57,15.57,0.0,Cloudy,2022,4,13,15,2,0,1,15.297999999999998,0.8660254037844387,-0.4999999999999998
2022-04-14,21.65,62.09,1016.28,5.17,0.0,Clear,2022,4,14,15,3,0,0,14.068,0.8660254037844387,-0.4999999999999998
2022-04-15,22.75,64.12,1010.12,11.86,0.0,Clear,2022,4,15,15,4,0,0,15.574000000000002,0.8660254037844387,-0.4999999999999998
2022-04-16,27.2,75.93,1018.21,14.81,0.0,Cloudy,2022,4,16,15,5,1,1,22.386000000000003,0.8660254037844387,-0.4999999999999998
2022-04-17,19.29,66.01,1014.11,12.46,0.0,Clear,2022,4,17,15,6,1,0,12.492,0.8660254037844387,-0.4999999999999998
2022-04-18,25.87,75.52,1015.49,25.69,0.0,Cloudy,2022,4,18,16,0,0,1,20.974,0.8660254037844387,-0.4999999999999998
2022-04-19,22.28,59.73,1007.91,7.11,0.0,Cloudy,2022,4,19,16,1,0,1,14.226,0.8660254037844387,-0.4999999999999998
2022-04-20,23.05,81.35,1010.01,13.88,0.0,Cloudy,2022,4,20,16,2,0,1,19.32,0.8660254037844387,-0.4999999999999998
2022-04-21,25.6,58.75,1010.41,8.6,0.0,Clear,2022,4,21,16,3,0,0,17.35,0.8660254037844387,-0.4999999999999998
2022-04-22,20.09,80.46,1019.13,15.72,0.0,Cloudy,2022,4,22,16,4,0,1,16.182,0.8660254037844387,-0.4999999999999998
2022-04-23,25.15,77.65,1023.29,8.99,0.0,Cloudy,2022,4,23,16,5,1,1,20.68,0.8660254037844387,-0.4999999999999998
2022-04-24,24.69,64.75,1008.47,7.58,0.0,Clear,2022,4,24,16,6,1,0,17.64,0.8660254037844387,-0.4999999999999998
2022-04-25,25.97,76.64,1019.57,16.24,0.0,Cloudy,2022,4,25,17,0,0,1,21.298,0.8660254037844387,-0.4999999999999998
2022-04-26,25.56,73.71,1000.15,7.23,1.47,Rainy,2022,4,26,17,1,0,3,20.302,0.8660254037844387,-0.4999999999999998
2022-04-27,32.73,60.7,1004.93,4.78,0.0,Cloudy,2022,4,27,17,2,0,1,24.869999999999997,0.8660254037844387,-0.4999999999999998
2022-04-28,23.07,62.77,1007.79,7.15,0.0,Cloudy,2022,4,28,17,3,0,1,15.624,0.8660254037844387,-0.4999999999999998
2022-04-29,23.64,52.83,1005.34,11.92,0.0,Cloudy,2022,4,29,17,4,0,1,14.206,0.8660254037844387,-0.4999999999999998
2022-04-30,23.58,75.99,1003.96,16.88,3.3074999999999997,Rainy,2022,4,30,17,5,1,3,18.778,0.8660254037844387,-0.4999999999999998
2022-05-01,24.03,56.53,1015.87,9.49,3.3074999999999997,Rainy,2022,5,1,17,6,1,3,15.336000000000002,0.49999999999999994,-0.8660254037844387
2022-05-02,24.0,73.15,1012.12,16.33,0.0,Clear,2022,5,2,18,0,0,0,18.630000000000003,0.49999999999999994,-0.8660254037844387
2022-05-03,30.07,65.32,1014.77,4.9,0.0,Sunny,2022,5,3,18,1,0,4,23.134,0.49999999999999994,-0.8660254037844387
2022-05-04,31.04,74.06,1016.49,7.39,1.64,Rainy,2022,5,4,18,2,0,3,25.852,0.49999999999999994,-0.8660254037844387
2022-05-05,24.9,68.55,1014.86,7.93,0.0,Clear,2022,5,5,18,3,0,0,18.61,0.49999999999999994,-0.8660254037844387
2022-05-06,24.29,68.7,1017.3,8.57,3.3074999999999997,Rainy,2022,5,6,18,4,0,3,18.03,0.49999999999999994,-0.8660254037844387
2022-05-07,28.68,76.24,1012.28,9.37,3.3074999999999997,Rainy,2022,5,7,18,5,1,3,23.927999999999997,0.49999999999999994,-0.8660254037844387
2022-05-08,25.63,74.41,1006.03,12.32,3.3074999999999997,Thunderstorm,2022,5,8,18,6,1,5,20.512,0.49999999999999994,-0.8660254037844387
2022-05-09,29.65,71.41,1018.9,7.39,0.0,Clear,2022,5,9,19,0,0,0,23.932,0.49999999999999994,-0.8660254037844387
2022-05-10,28.49,73.75,1009.19,9.61,3.3074999999999997,Rainy,2022,5,10,19,1,0,3,23.24,0.49999999999999994,-0.8660254037844387
2022-05-11,23.21,57.4,1007.9,8.84,0.0,Cloudy,2022,5,11,19,2,0,1,14.690000000000001,0.49999999999999994,-0.8660254037844387
2022-05-12,33.23,73.31,1010.95,5.95,0.0,Sunny,2022,5,12,19,3,0,4,27.891999999999996,0.49999999999999994,-0.8660254037844387
2022-05-13,34.24,71.16,1006.39,8.57,0.0,Cloudy,2022,5,13,19,4,0,1,28.472,0.49999999999999994,-0.8660254037844387
2022-05-14,26.74,60.12,1010.48,8.46,3.3074999999999997,Thunderstorm,2022,5,14,19,5,1,5,18.763999999999996,0.49999999999999994,-0.8660254037844387
2022-05-15,27.67,67.19,1014.91,8.38,0.0,Clear,2022,5,15,19,6,1,0,21.108,0.49999999999999994,-0.8660254037844387
2022-05-16,30.04,67.58,1014.58,9.15,0.0,Sunny,2022,5,16,20,0,0,4,23.555999999999997,0.49999999999999994,-0.8660254037844387
2022-05-17,30.4,66.38,1007.05,9.34,0.0,Cloudy,2022,5,17,20,1,0,1,23.676,0.49999999999999994,-0.8660254037844387
2022-05-18,31.64,70.19,1009.33,7.43,3.3074999999999997,Rainy,2022,5,18,20,2,0,3,25.678,0.49999999999999994,-0.8660254037844387
2022-05-19,36.17,77.99,1018.02,16.0,0.0,Cloudy,2022,5,19,20,3,0,1,31.768,0.49999999999999994,-0.8660254037844387
2022-05-20,29.37,79.26,1015.57,5.33,0.0,Cloudy,2022,5,20,20,4,0,1,25.222,0.49999999999999994,-0.8660254037844387
2022-05-21,27.58,56.57,1025.31,6.52,0.0,Clear,2022,5,21,20,5,1,0,18.894,0.49999999999999994,-0.8660254037844387
2022-05-22,25.91,77.08,1020.19,26.843750000000004,0.0,Cloudy,2022,5,22,20,6,1,1,21.326,0.49999999999999994,-0.8660254037844387
2022-05-23,28.18,82.56,1019.64,5.66,0.0,Cloudy,2022,5,23,21,0,0,1,24.692,0.49999999999999994,-0.8660254037844387
2022-05-24,30.6,71.45,1004.08,4.91,3.3074999999999997,Thunderstorm,2022,5,24,21,1,0,5,24.89,0.49999999999999994,-0.8660254037844387
2022-05-25,36.64,74.26,1016.09,12.56,3.3074999999999997,Rainy,2022,5,25,21,2,0,3,31.492,0.49999999999999994,-0.8660254037844387
2022-05-26,29.42,88.53,1012.27,3.54,3.3074999999999997,Rainy,2022,5,26,21,3,0,3,27.126,0.49999999999999994,-0.8660254037844387
2022-05-27,31.98,76.85,1008.9,8.12,3.12,Rainy,2022,5,27,21,4,0,3,27.35,0.49999999999999994,-0.8660254037844387
2022-05-28,31.39,69.52,1013.3,23.7,0.0,Sunny,2022,5,28,21,5,1,4,25.294,0.49999999999999994,-0.8660254037844387
2022-05-29,35.42,74.66,1017.36,4.5,0.0,Sunny,2022,5,29,21,6,1,4,30.352,0.49999999999999994,-0.8660254037844387
2022-05-30,39.88,62.53,1014.02,3.7,3.3074999999999997,Thunderstorm,2022,5,30,22,0,0,5,32.386,0.49999999999999994,-0.8660254037844387
2022-05-31,30.26,68.06,1007.19,4.6,0.0,Cloudy,2022,5,31,22,1,0,1,23.872,0.49999999999999994,-0.8660254037844387
2022-06-01,30.56,64.09,1016.87,13.52,0.0,Sunny,2022,6,1,22,2,0,4,23.378,1.2246467991473532e-16,-1.0
2022-06-02,35.64,79.69,1007.83,14.97,3.3074999999999997,Rainy,2022,6,2,22,3,0,3,31.578,1.2246467991473532e-16,-1.0
2022-06-03,34.64,56.57,1013.1,7.17,0.0,Sunny,2022,6,3,22,4,0,4,25.954,1.2246467991473532e-16,-1.0
2022-06-04,38.53,77.35,1009.4,12.27,0.0,Cloudy,2022,6,4,22,5,1,1,34.0,1.2246467991473532e-16,-1.0
2022-06-05,34.64,69.75,1010.49,16.87,0.0,Sunny,2022,6,5,22,6,1,4,28.59,1.2246467991473532e-16,-1.0
2022-06-06,31.77,52.77,1016.83,20.17,0.0,Sunny,2022,6,6,23,0,0,4,22.323999999999998,1.2246467991473532e-16,-1.0
2022-06-07,34.96,68.2,1005.51,8.08,0.0,Cloudy,2022,6,7,23,1,0,1,28.6,1.2246467991473532e-16,-1.0
2022-06-08,36.77,42.26,1023.16,3.2,0.0,Sunny,2022,6,8,23,2,0,4,25.222,1.2246467991473532e-16,-1.0
2022-06-09,35.99,70.06,1000.67,6.24,0.0,Cloudy,2022,6,9,23,3,0,1,30.002000000000002,1.2246467991473532e-16,-1.0
2022-06-10,35.12,73.27,1008.15,7.45,3.3074999999999997,Thunderstorm,2022,6,10,23,4,0,5,29.773999999999997,1.2246467991473532e-16,-1.0
2022-06-11,37.05,57.14,1013.66,8.03,0.0,Sunny,2022,6,11,23,5,1,4,28.477999999999998,1.2246467991473532e-16,-1.0
2022-06-12,37.51,63.98,1014.88,8.29,3.3074999999999997,Rainy,2022,6,12,23,6,1,3,30.305999999999997,1.2246467991473532e-16,-1.0
2022-06-13,38.32,81.72,1010.65,14.93,0.0,Cloudy,2022,6,13,24,0,0,1,34.664,1.2246467991473532e-16,-1.0
2022-06-14,36.1,58.67,1011.24,16.01,0.0,Sunny,2022,6,14,24,1,0,4,27.834000000000003,1.2246467991473532e-16,-1.0
2022-06-15,33.61,54.88,1014.42,8.35,0.0,Sunny,2022,6,15,24,2,0,4,24.586,1.2246467991473532e-16,-1.0
2022-06-16,34.73,79.51,1010.4,14.8,1.86,Rainy,2022,6,16,24,3,0,3,30.631999999999998,1.2246467991473532e-16,-1.0
2022-06-17,38.24,81.86,1019.62,10.6,0.0,Cloudy,2022,6,17,24,4,0,1,34.612,1.2246467991473532e-16,-1.0
2022-06-18,31.87,66.73,1017.26,9.29,0.0,Sunny,2022,6,18,24,5,1,4,25.216,1.2246467991473532e-16,-1.0
2022-06-19,35.77,74.08,1016.87,13.57,0.0,Sunny,2022,6,19,24,6,1,4,30.586000000000002,1.2246467991473532e-16,-1.0
2022-06-20,33.44,79.01,1006.19,9.32,2.81,Rainy,2022,6,20,25,0,0,3,29.241999999999997,1.2246467991473532e-16,-1.0
2022-06-21,34.89,57.15,1011.29,22.78,0.0,Sunny,2022,6,21,25,1,0,4,26.32,1.2246467991473532e-16,-1.0
2022-06-22,38.98,56.86,1009.35,4.72,0.0,Sunny,2022,6,22,25,2,0,4,30.351999999999997,1.2246467991473532e-16,-1.0
2022-06-23,35.6,76.39,1005.63,7.16,0.0,Cloudy,2022,6,23,25,3,0,1,30.878,1.2246467991473532e-16,-1.0
2022-06-24,35.22,81.2,1013.88,8.53,0.0,Cloudy,2022,6,24,25,4,0,1,31.46,1.2246467991473532e-16,-1.0
2022-06-25,30.81,73.06,1009.15,11.0,3.3074999999999997,Thunderstorm,2022,6,25,25,5,1,5,25.421999999999997,1.2246467991473532e-16,-1.0
2022-06-26,37.63,53.86,1015.29,15.97,0.0,Sunny,2022,6,26,25,6,1,4,28.402,1.2246467991473532e-16,-1.0
2022-06-27,37.38,82.7,1004.97,8.93,3.3074999999999997,Thunderstorm,2022,6,27,26,0,0,5,33.92,1.2246467991473532e-16,-1.0
2022-06-28,42.31,54.07,1020.97,4.76,0.0,Sunny,2022,6,28,26,1,0,4,33.124,1.2246467991473532e-16,-1.0
2022-06-29,34.47,61.52,1006.45,13.19,0.0,Cloudy,2022,6,29,26,2,0,1,26.774,1.2246467991473532e-16,-1.0
2022-06-30,36.22,67.07,1012.88,12.68,0.0,Sunny,2022,6,30,26,3,0,4,29.633999999999997,1.2246467991473532e-16,-1.0
2022-07-01,36.38,79.08,1016.29,3.77,0.0,Cloudy,2022,7,1,26,4,0,1,32.196000000000005,-0.4999999999999997,-0.8660254037844388
2022-07-02,40.69,69.06,1007.47,9.01,0.0,Cloudy,2022,7,2,26,5,1,1,34.501999999999995,-0.4999999999999997,-0.8660254037844388
2022-07-03,35.38,68.38,1016.81,4.41,0.0,Sunny,2022,7,3,26,6,1,4,29.056,-0.4999999999999997,-0.8660254037844388
2022-07-04,36.63,67.99,1004.13,6.69,1.5,Rainy,2022,7,4,27,0,0,3,30.228,-0.4999999999999997,-0.8660254037844388
2022-07-05,37.73,63.02,1020.05,6.01,0.0,Sunny,2022,7,5,27,1,0,4,30.333999999999996,-0.4999999999999997,-0.8660254037844388
2022-07-06,36.42,69.09,1011.62,12.99,0.0,Sunny,2022,7,6,27,2,0,4,30.238000000000003,-0.4999999999999997,-0.8660254037844388
2022-07-07,34.43,39.6,1008.26,9.51,0.0,Sunny,2022,7,7,27,3,0,4,22.35,-0.4999999999999997,-0.8660254037844388
2022-07-08,36.51,60.48,1009.73,5.06,0.0,Sunny,2022,7,8,27,4,0,4,28.605999999999998,-0.4999999999999997,-0.8660254037844388
2022-07-09,39.35,63.87,1015.95,13.41,0.0,Sunny,2022,7,9,27,5,1,4,32.124,-0.4999999999999997,-0.8660254037844388
2022-07-10,32.66,54.63,1008.59,4.73,0.0,Sunny,2022,7,10,27,6,1,4,23.586,-0.4999999999999997,-0.8660254037844388
2022-07-11,36.39,67.39,1007.05,10.47,0.0,Cloudy,2022,7,11,28,0,0,1,29.868000000000002,-0.4999999999999997,-0.8660254037844388
2022-07-12,33.74,63.34,1010.61,6.26,0.0,Sunny,2022,7,12,28,1,0,4,26.408,-0.4999999999999997,-0.8660254037844388
2022-07-13,39.81,78.69,1003.97,7.66,3.3074999999999997,Thunderstorm,2022,7,13,28,2,0,5,35.548,-0.4999999999999997,-0.8660254037844388
2022-07-14,31.12,82.95,1023.26,11.32,0.0,Cloudy,2022,7,14,28,3,0,1,27.71,-0.4999999999999997,-0.8660254037844388
2022-07-15,34.21,60.39,1008.47,11.41,0.0,Sunny,2022,7,15,28,4,0,4,26.288,-0.4999999999999997,-0.8660254037844388
2022-07-16,37.21,61.44,1016.41,16.47,0.0,Sunny,2022,7,16,28,5,1,4,29.498,-0.4999999999999997,-0.8660254037844388
2022-07-17,41.0,59.56,1012.11,8.7,0.0,Sunny,2022,7,17,28,6,1,4,32.912,-0.4999999999999997,-0.8660254037844388
2022-07-18,35.77,59.44,1005.73,10.36,0.0,Cloudy,2022,7,18,29,0,0,1,27.658,-0.4999999999999997,-0.8660254037844388
2022-07-19,34.19,67.02,1011.84,7.41,0.0,Sunny,2022,7,19,29,1,0,4,27.593999999999998,-0.4999999999999997,-0.8660254037844388
2022-07-20,41.97,52.04,1015.41,9.8,0.0,Sunny,2022,7,20,29,2,0,4,32.378,-0.4999999999999997,-0.8660254037844388
2022-07-21,31.3,55.78,1011.18,11.0,2.8,Rainy,2022,7,21,29,3,0,3,22.456000000000003,-0.4999999999999997,-0.8660254037844388
2022-07-22,28.87,75.02,1019.83,8.63,0.0,Cloudy,2022,7,22,29,4,0,1,23.874000000000002,-0.4999999999999997,-0.8660254037844388
2022-07-23,37.28,69.2,1017.54,4.01,0.0,Sunny,2022,7,23,29,5,1,4,31.12,-0.4999999999999997,-0.8660254037844388
2022-07-24,34.23,57.0,1017.38,10.48,0.0,Sunny,2022,7,24,29,6,1,4,25.629999999999995,-0.4999999999999997,-0.8660254037844388
2022-07-25,32.54,75.18,1009.36,10.63,0.0,Cloudy,2022,7,25,30,0,0,1,27.576,-0.4999999999999997,-0.8660254037844388
2022-07-26,38.03,56.06,1004.82,6.65,0.0,Cloudy,2022,7,26,30,1,0,1,29.242,-0.4999999999999997,-0.8660254037844388
2022-07-27,36.49,65.99,1007.84,5.06,0.0,Cloudy,2022,7,27,30,2,0,1,29.688000000000002,-0.4999999999999997,-0.8660254037844388
2022-07-28,33.86,73.5,1013.1,17.53,0.0,Sunny,2022,7,28,30,3,0,4,28.56,-0.4999999999999997,-0.8660254037844388
2022-07-29,31.51,66.61,1015.55,11.26,0.0,Sunny,2022,7,29,30,4,0,4,24.832,-0.4999999999999997,-0.8660254037844388
2022-07-30,38.34,66.71,998.22,8.14,0.0,Cloudy,2022,7,30,30,5,1,1,31.682000000000002,-0.4999999999999997,-0.8660254037844388
2022-07-31,37.57,57.54,1011.32,5.41,0.0,Sunny,2022,7,31,30,6,1,4,29.078,-0.4999999999999997,-0.8660254037844388
2022-08-01,35.1,62.47,1012.68,6.24,0.0,Sunny,2022,8,1,31,0,0,4,27.594,-0.8660254037844385,-0.5000000000000004
2022-08-02,41.26,58.06,1009.15,16.22,0.0,Sunny,2022,8,2,31,1,0,4,32.872,-0.8660254037844385,-0.5000000000000004
2022-08-03,31.85,59.24,1019.97,9.6,0.0,Sunny,2022,8,3,31,2,0,4,23.698,-0.8660254037844385,-0.5000000000000004
2022-08-04,30.32,73.59,1014.98,7.04,0.0,Sunny,2022,8,4,31,3,0,4,25.038,-0.8660254037844385,-0.5000000000000004
2022-08-05,32.9,50.48,1019.93,11.35,0.0,Sunny,2022,8,5,31,4,0,4,22.996,-0.8660254037844385,-0.5000000000000004
2022-08-06,34.88,59.67,1010.47,6.26,3.3074999999999997,Thunderstorm,2022,8,6,31,5,1,5,26.814000000000004,-0.8660254037844385,-0.5000000000000004
2022-08-07,35.72,61.15,1017.27,17.73,0.0,Sunny,2022,8,7,31,6,1,4,27.95,-0.8660254037844385,-0.5000000000000004
2022-08-08,34.07,62.59,1021.7,16.59,0.0,Sunny,2022,8,8,32,0,0,4,26.588,-0.8660254037844385,-0.5000000000000004
2022-08-09,35.88,61.47,1019.49,7.32,0.0,Sunny,2022,8,9,32,1,0,4,28.174000000000003,-0.8660254037844385,-0.5000000000000004
2022-08-10,30.64,66.93,1005.85,6.8,3.3074999999999997,Rainy,2022,8,10,32,2,0,3,24.026000000000003,-0.8660254037844385,-0.5000000000000004
2022-08-11,39.16,66.38,1009.6,2.78,0.0,Sunny,2022,8,11,32,3,0,4,32.43599999999999,-0.8660254037844385,-0.5000000000000004
2022-08-12,34.17,73.83,1009.8,4.63,0.0,Sunny,2022,8,12,32,4,0,4,28.936,-0.8660254037844385,-0.5000000000000004
2022-08-13,37.9,55.97,1014.25,4.94,0.0,Sunny,2022,8,13,32,5,1,4,29.093999999999998,-0.8660254037844385,-0.5000000000000004
2022-08-14,35.3,52.26,1015.82,9.59,0.0,Sunny,2022,8,14,32,6,1,4,25.751999999999995,-0.8660254037844385,-0.5000000000000004
2022-08-15,35.55,53.69,1006.63,7.79,0.0,Cloudy,2022,8,15,33,0,0,1,26.287999999999997,-0.8660254037844385,-0.5000000000000004
2022-08-16,35.78,59.08,1012.04,4.93,0.0,Sunny,2022,8,16,33,1,0,4,27.596,-0.8660254037844385,-0.5000000000000004
2022-08-17,35.27,60.79,999.59,7.95,1.7,Rainy,2022,8,17,33,2,0,3,27.428000000000004,-0.8660254037844385,-0.5000000000000004
2022-08-18,35.76,56.27,1020.29,11.33,0.0,Sunny,2022,8,18,33,3,0,4,27.014,-0.8660254037844385,-0.5000000000000004
2022-08-19,37.82,49.56,1008.25,11.44,0.0,Sunny,2022,8,19,33,4,0,4,27.732,-0.8660254037844385,-0.5000000000000004
2022-08-20,34.06,60.6,1012.23,3.84,0.0,Sunny,2022,8,20,33,5,1,4,26.180000000000003,-0.8660254037844385,-0.5000000000000004
2022-08-21,35.56,65.92,1009.81,8.52,0.0,Sunny,2022,8,21,33,6,1,4,28.744000000000003,-0.8660254037844385,-0.5000000000000004
2022-08-22,32.86,71.95,1018.95,4.84,3.3074999999999997,Rainy,2022,8,22,34,0,0,3,27.25,-0.8660254037844385,-0.5000000000000004
2022-08-23,37.61,57.1,994.33,13.54,0.0,Cloudy,2022,8,23,34,1,0,1,29.03,-0.8660254037844385,-0.5000000000000004
2022-08-24,30.68,63.39,1012.3,12.84,0.0,Sunny,2022,8,24,34,2,0,4,23.358,-0.8660254037844385,-0.5000000000000004
2022-08-25,38.46,52.81,1010.6,6.02,0.0,Sunny,2022,8,25,34,3,0,4,29.022000000000002,-0.8660254037844385,-0.5000000000000004
2022-08-26,32.41,66.0,1009.42,6.39,0.0,Sunny,2022,8,26,34,4,0,4,25.609999999999996,-0.8660254037844385,-0.5000000000000004
2022-08-27,27.8,61.06,1023.19,7.33,0.0,Clear,2022,8,27,34,5,1,0,20.012,-0.8660254037844385,-0.5000000000000004
2022-08-28,32.62,71.9,1006.78,3.27,3.3074999999999997,Rainy,2022,8,28,34,6,1,3,27.0,-0.8660254037844385,-0.5000000000000004
2022-08-29,29.87,50.23,1017.15,10.5,0.0,Clear,2022,8,29,35,0,0,0,19.916,-0.8660254037844385,-0.5000000000000004
2022-08-30,34.57,61.2,1013.95,7.98,0.0,Sunny,2022,8,30,35,1,0,4,26.810000000000002,-0.8660254037844385,-0.5000000000000004
2022-08-31,29.62,71.28,1020.13,13.97,0.0,Clear,2022,8,31,35,2,0,0,23.876,-0.8660254037844385,-0.5000000000000004
2022-09-01,30.1,69.77,1008.48,5.51,0.0,Sunny,2022,9,1,35,3,0,4,24.054000000000002,-1.0,-1.8369701987210297e-16
2022-09-02,25.31,98.0,1008.81,6.83,3.3074999999999997,Rainy,2022,9,2,35,4,0,3,24.91,-1.0,-1.8369701987210297e-16
2022-09-03,29.72,71.69,1019.12,4.58,0.0,Clear,2022,9,3,35,5,1,0,24.058,-1.0,-1.8369701987210297e-16
2022-09-04,23.23,62.7,1016.07,5.74,0.0,Clear,2022,9,4,35,6,1,0,15.770000000000001,-1.0,-1.8369701987210297e-16
2022-09-05,25.73,70.03,1003.87,5.3,0.0,Cloudy,2022,9,5,36,0,0,1,19.736,-1.0,-1.8369701987210297e-16
2022-09-06,33.05,48.1,1008.81,14.13,0.0,Sunny,2022,9,6,36,1,0,4,22.669999999999998,-1.0,-1.8369701987210297e-16
2022-09-07,32.94,65.14,1014.38,6.59,0.0,Sunny,2022,9,7,36,2,0,4,25.967999999999996,-1.0,-1.8369701987210297e-16
2022-09-08,31.59,58.56,1017.29,9.54,0.0,Sunny,2022,9,8,36,3,0,4,23.302,-1.0,-1.8369701987210297e-16
2022-09-09,26.94,79.3,1008.88,7.6,3.3074999999999997,Rainy,2022,9,9,36,4,0,3,22.8,-1.0,-1.8369701987210297e-16
2022-09-10,29.68,62.73,995.06,5.1,0.0,Cloudy,2022,9,10,36,5,1,1,22.226,-1.0,-1.8369701987210297e-16
2022-09-11,29.62,67.1,1015.7,8.37,0.0,Clear,2022,9,11,36,6,1,0,23.04,-1.0,-1.8369701987210297e-16
2022-09-12,25.72,64.64,1005.82,11.82,0.0,Cloudy,2022,9,12,37,0,0,1,18.648,-1.0,-1.8369701987210297e-16
2022-09-13,34.04,82.56,999.79,5.24,2.44,Rainy,2022,9,13,37,1,0,3,30.552,-1.0,-1.8369701987210297e-16
2022-09-14,31.82,63.51,995.23,12.99,0.0,Cloudy,2022,9,14,37,2,0,1,24.522,-1.0,-1.8369701987210297e-16
2022-09-15,28.1,87.66,1017.67,6.16,0.0,Cloudy,2022,9,15,37,3,0,1,25.632,-1.0,-1.8369701987210297e-16
2022-09-16,28.68,77.07,1013.47,7.26,3.3074999999999997,Thunderstorm,2022,9,16,37,4,0,5,24.093999999999998,-1.0,-1.8369701987210297e-16
2022-09-17,29.05,73.49,1011.29,11.46,0.0,Clear,2022,9,17,37,5,1,0,23.747999999999998,-1.0,-1.8369701987210297e-16
2022-09-18,21.63,77.55,1022.09,6.7,0.0,Cloudy,2022,9,18,37,6,1,1,17.14,-1.0,-1.8369701987210297e-16
2022-09-19,27.16,73.93,1016.75,9.18,0.79,Rainy,2022,9,19,38,0,0,3,21.946,-1.0,-1.8369701987210297e-16
2022-09-20,25.55,51.84,1022.87,7.83,0.0,Clear,2022,9,20,38,1,0,0,15.918000000000001,-1.0,-1.8369701987210297e-16
2022-09-21,24.31,69.19,1005.0,9.57,0.0,Cloudy,2022,9,21,38,2,0,1,18.147999999999996,-1.0,-1.8369701987210297e-16
2022-09-22,26.39,78.98,1012.83,3.09,3.3074999999999997,Rainy,2022,9,22,38,3,0,3,22.186,-1.0,-1.8369701987210297e-16
2022-09-23,32.82,65.54,1002.38,3.96,0.0,Cloudy,2022,9,23,38,4,0,1,25.928,-1.0,-1.8369701987210297e-16
2022-09-24,28.89,54.73,1011.29,11.91,0.0,Clear,2022,9,24,38,5,1,0,19.836,-1.0,-1.8369701987210297e-16
2022-09-25,24.78,71.13,1011.79,14.39,0.0,Clear,2022,9,25,38,6,1,0,19.006,-1.0,-1.8369701987210297e-16
2022-09-26,28.22,86.29,1016.53,5.99,3.3074999999999997,Rainy,2022,9,26,39,0,0,3,25.478,-1.0,-1.8369701987210297e-16
2022-09-27,30.63,80.03,1012.68,8.09,0.0,Cloudy,2022,9,27,39,1,0,1,26.636,-1.0,-1.8369701987210297e-16
2022-09-28,28.88,68.16,1016.41,10.3,0.0,Clear,2022,9,28,39,2,0,0,22.512,-1.0,-1.8369701987210297e-16
2022-09-29,25.88,80.4,1017.34,12.33,0.0,Cloudy,2022,9,29,39,3,0,1,21.96,-1.0,-1.8369701987210297e-16
2022-09-30,23.39,68.96,1026.42,3.62,0.0,Clear,2022,9,30,39,4,0,0,17.182,-1.0,-1.8369701987210297e-16
2022-10-01,27.46,52.74,1010.99,6.06,0.0,Clear,2022,10,1,39,5,1,0,18.008000000000003,-0.8660254037844386,0.5000000000000001
2022-10-02,26.25,61.38,1007.42,7.77,3.3074999999999997,Rainy,2022,10,2,39,6,1,3,18.526,-0.8660254037844386,0.5000000000000001
2022-10-03,27.62,85.29,1014.33,12.38,0.0,Cloudy,2022,10,3,40,0,0,1,24.678,-0.8660254037844386,0.5000000000000001
2022-10-04,26.55,67.68,1008.2,26.843750000000004,0.0,Clear,2022,10,4,40,1,0,0,20.086000000000002,-0.8660254037844386,0.5000000000000001
2022-10-05,27.64,67.22,1021.75,8.14,0.0,Clear,2022,10,5,40,2,0,0,21.084,-0.8660254037844386,0.5000000000000001
2022-10-06,22.33,70.37,1011.95,4.79,2.98,Rainy,2022,10,6,40,3,0,3,16.404,-0.8660254037844386,0.5000000000000001
2022-10-07,28.02,88.43,1009.4,10.82,2.84,Rainy,2022,10,7,40,4,0,3,25.706,-0.8660254037844386,0.5000000000000001
2022-10-08,24.2,88.32,1010.54,16.35,3.3074999999999997,Thunderstorm,2022,10,8,40,5,1,5,21.863999999999997,-0.8660254037844386,0.5000000000000001
2022-10-09,29.96,90.22,1016.82,9.47,0.0,Cloudy,2022,10,9,40,6,1,1,28.004,-0.8660254037844386,0.5000000000000001
2022-10-10,20.88,72.79,1012.92,6.0,3.3074999999999997,Rainy,2022,10,10,41,0,0,3,15.438,-0.8660254037844386,0.5000000000000001
2022-10-11,28.4,72.08,1008.89,13.89,0.0,Clear,2022,10,11,41,1,0,0,22.816,-0.8660254037844386,0.5000000000000001
2022-10-12,23.24,57.57,1023.51,12.17,0.0,Clear,2022,10,12,41,2,0,0,14.753999999999998,-0.8660254037844386,0.5000000000000001
2022-10-13,20.28,89.57,1008.82,5.69,3.3074999999999997,Thunderstorm,2022,10,13,41,3,0,5,18.194,-0.8660254037844386,0.5000000000000001
2022-10-14,20.57,62.92,1014.13,10.71,0.0,Clear,2022,10,14,41,4,0,0,13.154,-0.8660254037844386,0.5000000000000001
2022-10-15,20.85,76.57,1017.79,14.14,0.0,Cloudy,2022,10,15,41,5,1,1,16.164,-0.8660254037844386,0.5000000000000001
2022-10-16,23.0,61.93,1003.76,15.36,0.0,Cloudy,2022,10,16,41,6,1,1,15.386,-0.8660254037844386,0.5000000000000001
2022-10-17,23.07,66.96,1016.42,8.76,0.0,Clear,2022,10,17,42,0,0,0,16.462,-0.8660254037844386,0.5000000000000001
2022-10-18,19.32,67.1,1007.77,7.68,0.0,Cloudy,2022,10,18,42,1,0,1,12.739999999999998,-0.8660254037844386,0.5000000000000001
2022-10-19,20.84,73.59,1018.81,15.68,0.0,Clear,2022,10,19,42,2,0,0,15.558,-0.8660254037844386,0.5000000000000001
2022-10-20,27.53,64.34,1007.09,5.24,0.0,Cloudy,2022,10,20,42,3,0,1,20.398000000000003,-0.8660254037844386,0.5000000000000001
2022-10-21,25.96,65.35,1017.26,10.99,1.91,Rainy,2022,10,21,42,4,0,3,19.03,-0.8660254037844386,0.5000000000000001
2022-10-22,21.59,82.22,1020.4,4.87,3.3074999999999997,Rainy,2022,10,22,42,5,1,3,18.034,-0.8660254037844386,0.5000000000000001
2022-10-23,20.08,63.9,1019.16,14.58,0.0,Clear,2022,10,23,42,6,1,0,12.859999999999998,-0.8660254037844386,0.5000000000000001
2022-10-24,20.1,77.14,1015.49,8.04,3.3074999999999997,Rainy,2022,10,24,43,0,0,3,15.528000000000002,-0.8660254037844386,0.5000000000000001
2022-10-25,21.45,86.16,1012.39,15.97,3.3074999999999997,Thunderstorm,2022,10,25,43,1,0,5,18.682,-0.8660254037844386,0.5000000000000001
2022-10-26,15.97,72.69,1011.15,11.26,1.46,Rainy,2022,10,26,43,2,0,3,10.508,-0.8660254037844386,0.5000000000000001
2022-10-27,18.19,69.09,1023.1,5.2,0.0,Clear,2022,10,27,43,3,0,0,12.008000000000003,-0.8660254037844386,0.5000000000000001
2022-10-28,13.44,77.29,1010.79,17.13,3.3074999999999997,Rainy,2022,10,28,43,4,0,3,8.898,-0.8660254037844386,0.5000000000000001
2022-10-29,19.82,86.92,1007.8,18.14,3.3074999999999997,Rainy,2022,10,29,43,5,1,3,17.204,-0.8660254037844386,0.5000000000000001
2022-10-30,20.38,76.68,1017.94,13.42,0.0,Cloudy,2022,10,30,43,6,1,1,15.716000000000001,-0.8660254037844386,0.5000000000000001
2022-10-31,16.53,72.12,1009.74,6.41,3.3074999999999997,Rainy,2022,10,31,44,0,0,3,10.954000000000002,-0.8660254037844386,0.5000000000000001
2022-11-01,22.88,77.82,1007.87,7.86,0.0,Cloudy,2022,11,1,44,1,0,1,18.443999999999996,-0.5000000000000004,0.8660254037844384
2022-11-02,13.69,68.39,1006.28,9.64,0.0,Cloudy,2022,11,2,44,2,0,1,7.367999999999999,-0.5000000000000004,0.8660254037844384
2022-11-03,12.7,86.92,1012.2,6.58,3.3074999999999997,Thunderstorm,2022,11,3,44,3,0,5,10.084,-0.5000000000000004,0.8660254037844384
2022-11-04,17.88,80.57,1013.82,19.33,3.3074999999999997,Rainy,2022,11,4,44,4,0,3,13.993999999999998,-0.5000000000000004,0.8660254037844384
2022-11-05,20.29,71.72,1015.42,9.63,0.0,Clear,2022,11,5,44,5,1,0,14.633999999999999,-0.5000000000000004,0.8660254037844384
2022-11-06,22.1,65.14,1019.39,2.67,0.0,Clear,2022,11,6,44,6,1,0,15.128000000000002,-0.5000000000000004,0.8660254037844384
2022-11-07,15.02,69.62,1017.91,10.51,0.0,Clear,2022,11,7,45,0,0,0,8.944,-0.5000000000000004,0.8660254037844384
2022-11-08,19.72,80.54,1012.9,7.72,3.3074999999999997,Rainy,2022,11,8,45,1,0,3,15.828,-0.5000000000000004,0.8660254037844384
2022-11-09,15.93,90.14,1013.42,8.73,0.0,Cloudy,2022,11,9,45,2,0,1,13.958,-0.5000000000000004,0.8660254037844384
2022-11-10,15.28,71.93,1017.77,7.65,0.0,Clear,2022,11,10,45,3,0,0,9.666,-0.5000000000000004,0.8660254037844384
2022-11-11,18.45,80.67,1021.87,12.98,0.0,Cloudy,2022,11,11,45,4,0,1,14.584,-0.5000000000000004,0.8660254037844384
2022-11-12,17.49,55.89,1015.13,14.94,0.0,Clear,2022,11,12,45,5,1,0,8.668,-0.5000000000000004,0.8660254037844384
2022-11-13,10.15,76.05,1012.66,10.25,1.95,Rainy,2022,11,13,45,6,1,3,5.359999999999999,-0.5000000000000004,0.8660254037844384
2022-11-14,19.71,74.89,1008.09,7.75,0.0,Clear,2022,11,14,46,0,0,0,14.688,-0.5000000000000004,0.8660254037844384
2022-11-15,19.19,66.47,1005.45,8.86,0.0,Cloudy,2022,11,15,46,1,0,1,12.484000000000002,-0.5000000000000004,0.8660254037844384
2022-11-16,12.57,70.84,1019.11,9.1,0.0,Clear,2022,11,16,46,2,0,0,6.738000000000001,-0.5000000000000004,0.8660254037844384
2022-11-17,15.63,71.38,1018.12,6.29,0.0,Clear,2022,11,17,46,3,0,0,9.905999999999999,-0.5000000000000004,0.8660254037844384
2022-11-18,15.75,80.9,1018.1,11.71,0.0,Cloudy,2022,11,18,46,4,0,1,11.930000000000001,-0.5000000000000004,0.8660254037844384
2022-11-19,14.8,76.77,1014.01,11.1,3.3074999999999997,Rainy,2022,11,19,46,5,1,3,10.154,-0.5000000000000004,0.8660254037844384
2022-11-20,12.01,58.21,1023.64,18.05,0.0,Clear,2022,11,20,46,6,1,0,3.6519999999999992,-0.5000000000000004,0.8660254037844384
2022-11-21,11.43,59.79,1012.38,15.88,0.0,Clear,2022,11,21,47,0,0,0,3.388,-0.5000000000000004,0.8660254037844384
2022-11-22,13.3,73.62,1020.74,6.63,0.0,Clear,2022,11,22,47,1,0,0,8.024000000000001,-0.5000000000000004,0.8660254037844384
2022-11-23,16.95,81.71,1014.23,13.05,0.0,Cloudy,2022,11,23,47,2,0,1,13.291999999999998,-0.5000000000000004,0.8660254037844384
2022-11-24,14.75,51.2,1011.14,5.88,0.0,Clear,2022,11,24,47,3,0,0,4.99,-0.5000000000000004,0.8660254037844384
2022-11-25,11.64,75.85,1018.81,12.34,0.0,Cloudy,2022,11,25,47,4,0,1,6.81,-0.5000000000000004,0.8660254037844384
2022-11-26,15.12,73.15,1017.19,7.15,0.0,Clear,2022,11,26,47,5,1,0,9.75,-0.5000000000000004,0.8660254037844384
2022-11-27,3.35,98.0,1018.64,5.69,0.0,Foggy,2022,11,27,47,6,1,2,2.95,-0.5000000000000004,0.8660254037844384
2022-11-28,15.97,73.97,1015.09,10.24,0.0,Clear,2022,11,28,48,0,0,0,10.764,-0.5000000000000004,0.8660254037844384
2022-11-29,6.55,88.24,1015.79,2.71,3.3074999999999997,Rainy,2022,11,29,48,1,0,3,4.197999999999999,-0.5000000000000004,0.8660254037844384
2022-11-30,10.79,82.86,1029.71,4.1,0.0,Cloudy,2022,11,30,48,2,0,1,7.361999999999999,-0.5000000000000004,0.8660254037844384
2022-12-01,8.2,61.95,1022.88,8.33,0.0,Clear,2022,12,1,48,3,0,0,0.5899999999999999,-2.4492935982947064e-16,1.0
2022-12-02,7.48,91.45,1020.21,9.37,0.0,Foggy,2022,12,2,48,4,0,2,5.770000000000001,-2.4492935982947064e-16,1.0
2022-12-03,15.18,80.53,1015.39,7.64,0.0,Cloudy,2022,12,3,48,5,1,1,11.286,-2.4492935982947064e-16,1.0
2022-12-04,9.81,87.22,1021.57,4.43,0.0,Cloudy,2022,12,4,48,6,1,1,7.2540000000000004,-2.4492935982947064e-16,1.0
2022-12-05,12.26,98.0,1018.27,6.25,0.0,Foggy,2022,12,5,49,0,0,2,11.86,-2.4492935982947064e-16,1.0
2022-12-06,10.85,60.56,1015.53,10.76,0.0,Clear,2022,12,6,49,1,0,0,2.9619999999999997,-2.4492935982947064e-16,1.0
2022-12-07,12.38,97.58,1013.32,11.73,0.0,Foggy,2022,12,7,49,2,0,2,11.896,-2.4492935982947064e-16,1.0
2022-12-08,10.96,78.45,1014.87,8.96,3.3074999999999997,Rainy,2022,12,8,49,3,0,3,6.650000000000001,-2.4492935982947064e-16,1.0
2022-12-09,6.46,87.35,997.01,15.19,0.0,Cloudy,2022,12,9,49,4,0,1,3.929999999999999,-2.4492935982947064e-16,1.0
2022-12-10,13.62,79.01,1016.22,10.79,0.0,Cloudy,2022,12,10,49,5,1,1,9.422,-2.4492935982947064e-16,1.0
2022-12-11,8.72,78.65,1012.76,6.45,0.0,Cloudy,2022,12,11,49,6,1,1,4.450000000000002,-2.4492935982947064e-16,1.0
2022-12-12,5.19,79.67,1025.78,7.95,0.0,Cloudy,2022,12,12,50,0,0,1,1.1240000000000006,-2.4492935982947064e-16,1.0
2022-12-13,8.67,86.23,1015.82,4.8,0.0,Cloudy,2022,12,13,50,1,0,1,5.916,-2.4492935982947064e-16,1.0
2022-12-14,14.72,63.52,1007.66,8.6,0.0,Cloudy,2022,12,14,50,2,0,1,7.424000000000001,-2.4492935982947064e-16,1.0
2022-12-15,12.52,87.74,1014.82,14.89,0.0,Cloudy,2022,12,15,50,3,0,1,10.067999999999998,-2.4492935982947064e-16,1.0
2022-12-16,8.56,78.85,1009.44,12.29,3.3074999999999997,Rainy,2022,12,16,50,4,0,3,4.329999999999999,-2.4492935982947064e-16,1.0
2022-12-17,8.45,71.78,1018.57,16.96,0.0,Clear,2022,12,17,50,5,1,0,2.805999999999999,-2.4492935982947064e-16,1.0
2022-12-18,8.43,78.6,1017.48,7.88,0.0,Cloudy,2022,12,18,50,6,1,1,4.149999999999999,-2.4492935982947064e-16,1.0
2022-12-19,16.0,90.37,1020.35,16.54,0.0,Cloudy,2022,12,19,51,0,0,1,14.074000000000002,-2.4492935982947064e-16,1.0
2022-12-20,10.47,76.32,1010.68,8.27,0.0,Cloudy,2022,12,20,51,1,0,1,5.733999999999999,-2.4492935982947064e-16,1.0
2022-12-21,10.53,85.21,1015.62,17.5,0.0,Cloudy,2022,12,21,51,2,0,1,7.571999999999998,-2.4492935982947064e-16,1.0
2022-12-22,12.36,73.04,1006.96,8.94,0.98,Rainy,2022,12,22,51,3,0,3,6.968000000000001,-2.4492935982947064e-16,1.0
2022-12-23,9.73,89.77,1019.75,12.41,0.0,Foggy,2022,12,23,51,4,0,2,7.683999999999999,-2.4492935982947064e-16,1.0
2022-12-24,8.05,90.22,1018.91,17.53,0.0,Foggy,2022,12,24,51,5,1,2,6.094,-2.4492935982947064e-16,1.0
2022-12-25,8.17,98.0,1018.75,8.27,0.0,Foggy,2022,12,25,51,6,1,2,7.77,-2.4492935982947064e-16,1.0
2022-12-26,8.49,81.3,1015.74,9.96,0.0,Cloudy,2022,12,26,52,0,0,1,4.75,-2.4492935982947064e-16,1.0
2022-12-27,8.53,89.72,1018.21,16.12,0.0,Foggy,2022,12,27,52,1,0,2,6.473999999999999,-2.4492935982947064e-16,1.0
2022-12-28,10.91,82.34,1024.99,8.5,3.3074999999999997,Rainy,2022,12,28,52,2,0,3,7.378000000000001,-2.4492935982947064e-16,1.0
2022-12-29,8.68,95.88,1013.99,4.98,0.0,Foggy,2022,12,29,52,3,0,2,7.855999999999999,-2.4492935982947064e-16,1.0
2022-12-30,10.79,74.26,1016.21,23.67,0.0,Clear,2022,12,30,52,4,0,0,5.642,-2.4492935982947064e-16,1.0
2022-12-31,8.13,90.76,1009.26,7.31,3.3074999999999997,Thunderstorm,2022,12,31,52,5,1,5,6.282000000000002,-2.4492935982947064e-16,1.0
2023-01-01,8.59,81.04,1010.5,9.69,0.0,Cloudy,2023,1,1,52,6,1,1,4.798000000000001,0.49999999999999994,0.8660254037844387
2023-01-02,1.89,87.04,1017.3,15.18,0.0,Cloudy,2023,1,2,1,0,0,1,-0.7019999999999988,0.49999999999999994,0.8660254037844387
2023-01-03,11.17,82.1,1021.95,6.86,1.41,Rainy,2023,1,3,1,1,0,3,7.589999999999999,0.49999999999999994,0.8660254037844387
2023-01-04,9.31,85.01,1014.07,5.73,0.0,Cloudy,2023,1,4,1,2,0,1,6.312000000000001,0.49999999999999994,0.8660254037844387
2023-01-05,11.35,79.89,1013.88,10.12,0.0,Cloudy,2023,1,5,1,3,0,1,7.327999999999999,0.49999999999999994,0.8660254037844387
2023-01-06,-1.14,91.95,1014.73,4.03,0.0,Foggy,2023,1,6,1,4,0,2,-2.749999999999999,0.49999999999999994,0.8660254037844387
2023-01-07,14.78,94.44,1011.57,7.93,0.0,Foggy,2023,1,7,1,5,1,2,13.668,0.49999999999999994,0.8660254037844387
2023-01-08,7.62,93.52,1017.63,10.08,0.0,Foggy,2023,1,8,1,6,1,2,6.324,0.49999999999999994,0.8660254037844387
2023-01-09,11.59,89.58,1006.28,7.99,3.3074999999999997,Rainy,2023,1,9,2,0,0,3,9.506,0.49999999999999994,0.8660254037844387
2023-01-10,4.7,81.15,1023.98,4.51,0.0,Cloudy,2023,1,10,2,1,0,1,0.9300000000000015,0.49999999999999994,0.8660254037844387
2023-01-11,9.98,73.12,1011.51,18.49,0.0,Clear,2023,1,11,2,2,0,0,4.604000000000001,0.49999999999999994,0.8660254037844387
2023-01-12,4.64,95.31,1020.64,9.46,0.0,Foggy,2023,1,12,2,3,0,2,3.702,0.49999999999999994,0.8660254037844387
2023-01-13,6.01,93.55,1008.48,17.18,3.3074999999999997,Rainy,2023,1,13,2,4,0,3,4.719999999999999,0.49999999999999994,0.8660254037844387
2023-01-14,14.13,93.84,1018.89,8.03,0.0,Foggy,2023,1,14,2,5,1,2,12.898000000000001,0.49999999999999994,0.8660254037844387
2023-01-15,7.39,77.79,1019.92,6.07,0.0,Cloudy,2023,1,15,2,6,1,1,2.9480000000000013,0.49999999999999994,0.8660254037844387
2023-01-16,8.71,80.61,1018.0,10.19,0.0,Cloudy,2023,1,16,3,0,0,1,4.832000000000001,0.49999999999999994,0.8660254037844387
2023-01-17,10.81,65.04,1009.41,8.19,0.0,Clear,2023,1,17,3,1,0,0,3.8180000000000014,0.49999999999999994,0.8660254037844387
2023-01-18,9.62,78.34,1017.05,5.31,0.0,Cloudy,2023,1,18,3,2,0,1,5.288,0.49999999999999994,0.8660254037844387
2023-01-19,8.54,92.99,1008.62,17.49,0.0,Foggy,2023,1,19,3,3,0,2,7.137999999999998,0.49999999999999994,0.8660254037844387
2023-01-20,9.25,77.86,1014.1,6.82,0.0,Cloudy,2023,1,20,3,4,0,1,4.822,0.49999999999999994,0.8660254037844387
2023-01-21,15.8,84.34,1020.81,3.94,0.0,Cloudy,2023,1,21,3,5,1,1,12.668000000000001,0.49999999999999994,0.8660254037844387
2023-01-22,7.96,81.52,1020.59,16.41,0.0,Cloudy,2023,1,22,3,6,1,1,4.263999999999999,0.49999999999999994,0.8660254037844387
2023-01-23,8.82,86.07,1015.77,7.19,0.0,Cloudy,2023,1,23,4,0,0,1,6.033999999999999,0.49999999999999994,0.8660254037844387
2023-01-24,11.58,69.42,1009.41,6.87,0.0,Clear,2023,1,24,4,1,0,0,5.464,0.49999999999999994,0.8660254037844387
2023-01-25,11.8,81.59,1019.1,4.08,0.0,Cloudy,2023,1,25,4,2,0,1,8.118000000000002,0.49999999999999994,0.8660254037844387
2023-01-26,12.11,50.61,1015.3,19.76,0.0,Clear,2023,1,26,4,3,0,0,2.2319999999999993,0.49999999999999994,0.8660254037844387
2023-01-27,10.41,79.84,1001.52,5.05,3.3074999999999997,Rainy,2023,1,27,4,4,0,3,6.378000000000001,0.49999999999999994,0.8660254037844387
2023-01-28,4.76,69.36,1020.98,9.27,0.0,Clear,2023,1,28,4,5,1,0,-1.3680000000000003,0.49999999999999994,0.8660254037844387
2023-01-29,13.71,91.46,1014.8,13.61,0.0,Foggy,2023,1,29,4,6,1,2,12.001999999999999,0.49999999999999994,0.8660254037844387
2023-01-30,4.88,93.36,1023.48,10.91,0.0,Foggy,2023,1,30,5,0,0,2,3.5519999999999996,0.49999999999999994,0.8660254037844387
2023-01-31,9.58,86.96,1008.99,8.79,3.3074999999999997,Thunderstorm,2023,1,31,5,1,0,5,6.971999999999999,0.49999999999999994,0.8660254037844387
2023-02-01,6.27,98.0,997.0,4.2,0.0,Foggy,2023,2,1,5,2,0,2,5.869999999999999,0.8660254037844386,0.5000000000000001
2023-02-02,8.56,73.52,1017.39,6.27,0.0,Clear,2023,2,2,5,3,0,0,3.2639999999999993,0.8660254037844386,0.5000000000000001
2023-02-03,9.89,98.0,1017.27,9.82,0.0,Foggy,2023,2,3,5,4,0,2,9.49,0.8660254037844386,0.5000000000000001
2023-02-04,9.95,91.36,1005.36,6.33,0.0,Foggy,2023,2,4,5,5,1,2,8.222,0.8660254037844386,0.5000000000000001
2023-02-05,10.36,79.38,1009.58,9.89,3.3074999999999997,Rainy,2023,2,5,5,6,1,3,6.235999999999999,0.8660254037844386,0.5000000000000001
2023-02-06,14.27,90.37,1031.39,12.27,0.0,Foggy,2023,2,6,6,0,0,2,12.344000000000001,0.8660254037844386,0.5000000000000001
2023-02-07,10.65,70.48,1013.57,13.92,0.0,Clear,2023,2,7,6,1,0,0,4.746000000000001,0.8660254037844386,0.5000000000000001
2023-02-08,8.52,74.79,1020.11,5.2,1.44,Rainy,2023,2,8,6,2,0,3,3.4780000000000006,0.8660254037844386,0.5000000000000001
2023-02-09,12.49,74.17,1011.22,24.25,0.0,Clear,2023,2,9,6,3,0,0,7.324000000000001,0.8660254037844386,0.5000000000000001
2023-02-10,13.32,74.39,1002.46,12.75,3.12,Rainy,2023,2,10,6,4,0,3,8.198,0.8660254037844386,0.5000000000000001
2023-02-11,5.69,74.45,1015.12,9.02,0.0,Clear,2023,2,11,6,5,1,0,0.580000000000001,0.8660254037844386,0.5000000000000001
2023-02-12,11.65,93.08,1013.66,14.74,0.0,Foggy,2023,2,12,6,6,1,2,10.266,0.8660254037844386,0.5000000000000001
2023-02-13,12.1,77.94,1012.79,26.17,3.3074999999999997,Rainy,2023,2,13,7,0,0,3,7.687999999999999,0.8660254037844386,0.5000000000000001
2023-02-14,9.03,86.2,1014.96,4.72,0.0,Cloudy,2023,2,14,7,1,0,1,6.27,0.8660254037844386,0.5000000000000001
2023-02-15,14.5,73.15,1016.41,8.16,0.0,Clear,2023,2,15,7,2,0,0,9.13,0.8660254037844386,0.5000000000000001
2023-02-16,9.75,63.97,1014.64,3.09,0.0,Clear,2023,2,16,7,3,0,0,2.5439999999999996,0.8660254037844386,0.5000000000000001
2023-02-17,10.77,84.16,1007.8,9.84,3.3074999999999997,Rainy,2023,2,17,7,4,0,3,7.6019999999999985,0.8660254037844386,0.5000000000000001
2023-02-18,9.95,62.91,1018.42,10.64,0.0,Clear,2023,2,18,7,5,1,0,2.5319999999999983,0.8660254037844386,0.5000000000000001
2023-02-19,10.69,80.83,1003.7,8.87,3.3074999999999997,Thunderstorm,2023,2,19,7,6,1,5,6.855999999999999,0.8660254037844386,0.5000000000000001
2023-02-20,7.27,70.23,1003.61,6.72,1.92,Rainy,2023,2,20,8,0,0,3,1.3160000000000007,0.8660254037844386,0.5000000000000001
2023-02-21,6.32,98.0,1020.49,3.59,0.0,Foggy,2023,2,21,8,1,0,2,5.92,0.8660254037844386,0.5000000000000001
2023-02-22,16.18,86.79,1017.62,10.68,0.0,Cloudy,2023,2,22,8,2,0,1,13.538,0.8660254037844386,0.5000000000000001
2023-02-23,8.52,84.09,1015.38,17.37,0.0,Cloudy,2023,2,23,8,3,0,1,5.338,0.8660254037844386,0.5000000000000001
2023-02-24,8.21,95.89,1007.4,6.92,0.0,Foggy,2023,2,24,8,4,0,2,7.388000000000001,0.8660254037844386,0.5000000000000001
2023-02-25,4.65,77.28,1012.06,11.0,0.0,Cloudy,2023,2,25,8,5,1,1,0.10600000000000076,0.8660254037844386,0.5000000000000001
2023-02-26,9.66,87.67,1013.97,4.46,0.0,Cloudy,2023,2,26,8,6,1,1,7.194000000000001,0.8660254037844386,0.5000000000000001
2023-02-27,7.64,85.65,1006.28,11.09,3.3074999999999997,Thunderstorm,2023,2,27,9,0,0,5,4.770000000000001,0.8660254037844386,0.5000000000000001
2023-02-28,17.29,79.54,1009.97,7.56,0.0,Cloudy,2023,2,28,9,1,0,1,13.198,0.8660254037844386,0.5000000000000001
2023-03-01,15.44,90.92,1018.6,6.4,0.0,Cloudy,2023,3,1,9,2,0,1,13.624,1.0,6.123233995736766e-17
2023-03-02,10.18,89.2,1024.04,6.41,0.0,Foggy,2023,3,2,9,3,0,2,8.02,1.0,6.123233995736766e-17
2023-03-03,19.77,78.05,1011.52,7.56,3.3074999999999997,Thunderstorm,2023,3,3,9,4,0,5,15.379999999999999,1.0,6.123233995736766e-17
2023-03-04,15.88,61.34,1019.16,10.72,0.0,Clear,2023,3,4,9,5,1,0,8.148000000000001,1.0,6.123233995736766e-17
2023-03-05,11.88,71.08,1003.73,5.0,1.94,Rainy,2023,3,5,9,6,1,3,6.096,1.0,6.123233995736766e-17
2023-03-06,5.11,84.2,1020.19,7.55,0.0,Cloudy,2023,3,6,10,0,0,1,1.950000000000001,1.0,6.123233995736766e-17
2023-03-07,20.62,75.5,1009.08,8.86,1.82,Rainy,2023,3,7,10,1,0,3,15.72,1.0,6.123233995736766e-17
2023-03-08,9.03,71.38,1017.49,5.5,0.0,Clear,2023,3,8,10,2,0,0,3.3059999999999983,1.0,6.123233995736766e-17
2023-03-09,8.41,98.0,1014.25,20.26,0.0,Foggy,2023,3,9,10,3,0,2,8.01,1.0,6.123233995736766e-17
2023-03-10,17.14,92.17,1022.35,6.15,0.0,Cloudy,2023,3,10,10,4,0,1,15.574000000000002,1.0,6.123233995736766e-17
2023-03-11,21.87,79.71,1008.47,6.68,0.0,Cloudy,2023,3,11,10,5,1,1,17.811999999999998,1.0,6.123233995736766e-17
2023-03-12,18.7,76.63,1017.96,5.81,0.0,Cloudy,2023,3,12,10,6,1,1,14.025999999999998,1.0,6.123233995736766e-17
2023-03-13,16.27,75.49,1012.88,20.27,0.0,Cloudy,2023,3,13,11,0,0,1,11.367999999999999,1.0,6.123233995736766e-17
2023-03-14,16.58,67.87,1013.56,11.57,3.3074999999999997,Rainy,2023,3,14,11,1,0,3,10.154,1.0,6.123233995736766e-17
2023-03-15,17.61,77.45,1013.26,5.92,0.0,Cloudy,2023,3,15,11,2,0,1,13.1,1.0,6.123233995736766e-17
2023-03-16,17.52,79.31,1009.3,14.85,3.3074999999999997,Rainy,2023,3,16,11,3,0,3,13.382,1.0,6.123233995736766e-17
2023-03-17,16.2,65.24,1014.49,9.88,3.3074999999999997,Rainy,2023,3,17,11,4,0,3,9.247999999999998,1.0,6.123233995736766e-17
2023-03-18,15.84,81.25,1014.25,10.13,0.0,Cloudy,2023,3,18,11,5,1,1,12.09,1.0,6.123233995736766e-17
2023-03-19,15.52,76.58,1016.12,7.73,0.0,Cloudy,2023,3,19,11,6,1,1,10.835999999999999,1.0,6.123233995736766e-17
2023-03-20,13.53,60.45,1015.48,6.44,0.0,Clear,2023,3,20,12,0,0,0,5.62,1.0,6.123233995736766e-17
2023-03-21,15.26,69.71,1019.5,10.51,0.0,Clear,2023,3,21,12,1,0,0,9.201999999999998,1.0,6.123233995736766e-17
2023-03-22,10.96,77.19,1020.9,7.06,0.0,Cloudy,2023,3,22,12,2,0,1,6.398000000000001,1.0,6.123233995736766e-17
2023-03-23,16.29,96.47,1008.25,20.44,1.76,Rainy,2023,3,23,12,3,0,3,15.584,1.0,6.123233995736766e-17
2023-03-24,13.66,85.0,1020.16,5.1,0.0,Cloudy,2023,3,24,12,4,0,1,10.66,1.0,6.123233995736766e-17
2023-03-25,13.52,66.18,1007.85,18.02,0.0,Cloudy,2023,3,25,12,5,1,1,6.756000000000001,1.0,6.123233995736766e-17
2023-03-26,17.85,81.37,1017.85,8.58,0.0,Cloudy,2023,3,26,12,6,1,1,14.124000000000002,1.0,6.123233995736766e-17
2023-03-27,21.96,58.15,1017.42,10.33,0.0,Clear,2023,3,27,13,0,0,0,13.59,1.0,6.123233995736766e-17
2023-03-28,20.67,85.36,1002.43,13.13,0.0,Cloudy,2023,3,28,13,1,0,1,17.742,1.0,6.123233995736766e-17
2023-03-29,12.94,75.23,1015.62,6.8,0.0,Cloudy,2023,3,29,13,2,0,1,7.986000000000001,1.0,6.123233995736766e-17
2023-03-30,15.03,77.54,1011.93,13.32,3.3074999999999997,Thunderstorm,2023,3,30,13,3,0,5,10.538,1.0,6.123233995736766e-17
2023-03-31,21.44,87.25,1009.23,2.67,0.0,Cloudy,2023,3,31,13,4,0,1,18.89,1.0,6.123233995736766e-17
2023-04-01,15.51,65.27,1022.78,6.53,0.0,Clear,2023,4,1,13,5,1,0,8.564,0.8660254037844387,-0.4999999999999998
2023-04-02,18.17,62.31,1010.35,5.95,0.0,Clear,2023,4,2,13,6,1,0,10.632000000000001,0.8660254037844387,-0.4999999999999998
2023-04-03,20.89,68.54,1009.03,5.13,0.0,Clear,2023,4,3,14,0,0,0,14.598000000000003,0.8660254037844387,-0.4999999999999998
2023-04-04,16.27,87.99,1015.01,8.19,0.0,Cloudy,2023,4,4,14,1,0,1,13.867999999999999,0.8660254037844387,-0.4999999999999998
2023-04-05,19.94,59.85,1018.12,10.74,0.0,Clear,2023,4,5,14,2,0,0,11.910000000000002,0.8660254037844387,-0.4999999999999998
2023-04-06,15.57,49.78,1013.81,12.38,0.0,Clear,2023,4,6,14,3,0,0,5.526,0.8660254037844387,-0.4999999999999998
2023-04-07,18.15,71.78,1021.28,10.06,0.0,Clear,2023,4,7,14,4,0,0,12.505999999999998,0.8660254037844387,-0.4999999999999998
2023-04-08,21.34,79.58,1016.98,6.69,0.0,Cloudy,2023,4,8,14,5,1,1,17.256,0.8660254037844387,-0.4999999999999998
2023-04-09,15.46,90.18,1001.61,10.66,0.0,Cloudy,2023,4,9,14,6,1,1,13.496000000000002,0.8660254037844387,-0.4999999999999998
2023-04-10,22.21,68.82,1010.49,9.54,0.0,Clear,2023,4,10,15,0,0,0,15.974,0.8660254037844387,-0.4999999999999998
2023-04-11,20.97,70.21,1010.48,13.75,3.3074999999999997,Rainy,2023,4,11,15,1,0,3,15.011999999999997,0.8660254037844387,-0.4999999999999998
2023-04-12,23.05,84.4,1016.42,12.8,0.0,Cloudy,2023,4,12,15,2,0,1,19.930000000000003,0.8660254037844387,-0.4999999999999998
2023-04-13,22.23,54.74,997.92,9.15,3.3074999999999997,Rainy,2023,4,13,15,3,0,3,13.178,0.8660254037844387,-0.4999999999999998
2023-04-14,26.12,66.83,1028.38,6.03,0.0,Clear,2023,4,14,15,4,0,0,19.486,0.8660254037844387,-0.4999999999999998
2023-04-15,22.4,75.22,1016.83,6.73,0.0,Cloudy,2023,4,15,15,5,1,1,17.444,0.8660254037844387,-0.4999999999999998
2023-04-16,20.87,78.88,1014.76,7.05,0.0,Cloudy,2023,4,16,15,6,1,1,16.646,0.8660254037844387,-0.4999999999999998
2023-04-17,22.87,67.89,1020.66,7.83,0.0,Clear,2023,4,17,16,0,0,0,16.448,0.8660254037844387,-0.4999999999999998
2023-04-18,24.46,72.22,1027.39,10.18,0.0,Clear,2023,4,18,16,1,0,0,18.904,0.8660254037844387,-0.4999999999999998
2023-04-19,23.12,47.93,1018.76,12.45,0.0,Clear,2023,4,19,16,2,0,0,12.706000000000001,0.8660254037844387,-0.4999999999999998
2023-04-20,23.33,66.09,1019.19,8.82,0.0,Clear,2023,4,20,16,3,0,0,16.548,0.8660254037844387,-0.4999999999999998
2023-04-21,21.2,78.7,1014.6,9.09,0.0,Cloudy,2023,4,21,16,4,0,1,16.939999999999998,0.8660254037844387,-0.4999999999999998
2023-04-22,21.56,64.09,1012.92,9.63,0.0,Clear,2023,4,22,16,5,1,0,14.378,0.8660254037844387,-0.4999999999999998
2023-04-23,19.43,75.99,1011.23,7.16,0.0,Cloudy,2023,4,23,16,6,1,1,14.627999999999998,0.8660254037844387,-0.4999999999999998
2023-04-24,29.76,72.64,1007.58,5.95,3.3074999999999997,Thunderstorm,2023,4,24,17,0,0,5,24.288000000000004,0.8660254037844387,-0.4999999999999998
2023-04-25,20.42,71.28,1009.81,4.1,3.3074999999999997,Rainy,2023,4,25,17,1,0,3,14.676000000000002,0.8660254037844387,-0.4999999999999998
2023-04-26,22.42,75.01,1005.53,6.6,0.0,Cloudy,2023,4,26,17,2,0,1,17.422000000000004,0.8660254037844387,-0.4999999999999998
2023-04-27,22.57,63.57,1013.16,11.17,0.0,Clear,2023,4,27,17,3,0,0,15.284,0.8660254037844387,-0.4999999999999998
2023-04-28,27.97,67.35,1002.7,6.58,0.0,Cloudy,2023,4,28,17,4,0,1,21.439999999999998,0.8660254037844387,-0.4999999999999998
2023-04-29,24.4,78.02,1014.49,8.11,0.0,Cloudy,2023,4,29,17,5,1,1,20.003999999999998,0.8660254037844387,-0.4999999999999998
2023-04-30,29.57,69.87,1012.35,11.13,0.0,Clear,2023,4,30,17,6,1,0,23.544,0.8660254037844387,-0.4999999999999998
2023-05-01,23.65,66.58,1014.33,11.41,0.0,Clear,2023,5,1,18,0,0,0,16.965999999999998,0.49999999999999994,-0.8660254037844387
2023-05-02,26.93,72.39,1009.83,5.55,3.3074999999999997,Rainy,2023,5,2,18,1,0,3,21.408,0.49999999999999994,-0.8660254037844387
2023-05-03,23.6,79.63,1031.92,14.14,0.0,Cloudy,2023,5,3,18,2,0,1,19.526,0.49999999999999994,-0.8660254037844387
2023-05-04,33.36,45.15,1020.16,14.99,0.0,Sunny,2023,5,4,18,3,0,4,22.39,0.49999999999999994,-0.8660254037844387
2023-05-05,22.93,84.54,1006.09,5.43,3.3074999999999997,Rainy,2023,5,5,18,4,0,3,19.838,0.49999999999999994,-0.8660254037844387
2023-05-06,27.94,66.08,1014.21,6.23,0.0,Clear,2023,5,6,18,5,1,0,21.156,0.49999999999999994,-0.8660254037844387
2023-05-07,29.2,72.81,1008.97,15.43,0.0,Clear,2023,5,7,18,6,1,0,23.762,0.49999999999999994,-0.8660254037844387
2023-05-08,28.72,80.87,1006.61,8.45,3.3074999999999997,Rainy,2023,5,8,19,0,0,3,24.894,0.49999999999999994,-0.8660254037844387
2023-05-09,27.03,56.36,1004.91,3.32,3.3074999999999997,Rainy,2023,5,9,19,1,0,3,18.302,0.49999999999999994,-0.8660254037844387
2023-05-10,27.43,62.7,1015.48,4.81,0.0,Clear,2023,5,10,19,2,0,0,19.97,0.49999999999999994,-0.8660254037844387
2023-05-11,28.2,66.37,1008.68,8.07,3.3074999999999997,Rainy,2023,5,11,19,3,0,3,21.474,0.49999999999999994,-0.8660254037844387
2023-05-12,27.8,61.7,1018.64,5.35,0.0,Clear,2023,5,12,19,4,0,0,20.14,0.49999999999999994,-0.8660254037844387
2023-05-13,31.57,84.25,1018.23,7.49,0.0,Cloudy,2023,5,13,19,5,1,1,28.42,0.49999999999999994,-0.8660254037844387
2023-05-14,35.78,55.39,1019.88,9.16,0.0,Sunny,2023,5,14,19,6,1,4,26.858,0.49999999999999994,-0.8660254037844387
2023-05-15,27.13,64.45,1007.82,17.43,0.0,Cloudy,2023,5,15,20,0,0,1,20.02,0.49999999999999994,-0.8660254037844387
2023-05-16,24.74,73.73,1016.14,7.92,3.0,Rainy,2023,5,16,20,1,0,3,19.485999999999997,0.49999999999999994,-0.8660254037844387
2023-05-17,29.05,56.64,1016.44,14.62,0.0,Clear,2023,5,17,20,2,0,0,20.378,0.49999999999999994,-0.8660254037844387
2023-05-18,37.79,58.59,1008.49,17.17,0.0,Sunny,2023,5,18,20,3,0,4,29.508,0.49999999999999994,-0.8660254037844387
2023-05-19,27.16,73.16,1008.3,17.21,3.3074999999999997,Rainy,2023,5,19,20,4,0,3,21.792,0.49999999999999994,-0.8660254037844387
2023-05-20,35.18,61.05,1021.38,10.26,0.0,Sunny,2023,5,20,20,5,1,4,27.39,0.49999999999999994,-0.8660254037844387
2023-05-21,35.5,63.22,1013.04,3.73,0.0,Sunny,2023,5,21,20,6,1,4,28.144,0.49999999999999994,-0.8660254037844387
2023-05-22,28.55,63.72,1016.53,11.1,0.0,Clear,2023,5,22,21,0,0,0,21.294,0.49999999999999994,-0.8660254037844387
2023-05-23,32.34,51.22,1007.22,14.47,0.0,Cloudy,2023,5,23,21,1,0,1,22.584000000000003,0.49999999999999994,-0.8660254037844387
2023-05-24,35.92,67.07,1004.3,8.7,3.3074999999999997,Rainy,2023,5,24,21,2,0,3,29.334,0.49999999999999994,-0.8660254037844387
2023-05-25,29.68,85.77,1009.13,19.79,3.3074999999999997,Rainy,2023,5,25,21,3,0,3,26.834,0.49999999999999994,-0.8660254037844387
2023-05-26,30.43,67.88,1011.69,13.29,1.93,Rainy,2023,5,26,21,4,0,3,24.006,0.49999999999999994,-0.8660254037844387
2023-05-27,29.4,70.67,1006.2,11.65,0.0,Cloudy,2023,5,27,21,5,1,1,23.534,0.49999999999999994,-0.8660254037844387
2023-05-28,28.19,76.19,1012.71,14.72,3.1,Rainy,2023,5,28,21,6,1,3,23.428,0.49999999999999994,-0.8660254037844387
2023-05-29,29.54,55.63,1002.44,10.49,0.0,Cloudy,2023,5,29,22,0,0,1,20.666,0.49999999999999994,-0.8660254037844387
2023-05-30,27.88,86.51,1006.1,2.94,3.3074999999999997,Thunderstorm,2023,5,30,22,1,0,5,25.182,0.49999999999999994,-0.8660254037844387
2023-05-31,32.07,68.57,1016.21,7.21,0.0,Sunny,2023,5,31,22,2,0,4,25.784,0.49999999999999994,-0.8660254037844387
2023-06-01,29.67,84.55,1016.17,15.47,0.0,Cloudy,2023,6,1,22,3,0,1,26.580000000000002,1.2246467991473532e-16,-1.0
2023-06-02,33.04,58.54,1009.69,6.28,0.0,Sunny,2023,6,2,22,4,0,4,24.747999999999998,1.2246467991473532e-16,-1.0
2023-06-03,27.48,87.94,1006.77,8.16,1.84,Rainy,2023,6,3,22,5,1,3,25.068,1.2246467991473532e-16,-1.0
2023-06-04,33.68,73.18,1005.78,5.64,3.0,Rainy,2023,6,4,22,6,1,3,28.316000000000003,1.2246467991473532e-16,-1.0
2023-06-05,35.44,69.72,1009.44,20.14,0.0,Sunny,2023,6,5,23,0,0,4,29.383999999999997,1.2246467991473532e-16,-1.0
2023-06-06,26.54,72.76,1016.89,19.23,0.0,Clear,2023,6,6,23,1,0,0,21.092,1.2246467991473532e-16,-1.0
2023-06-07,34.27,62.53,1017.43,6.06,0.0,Sunny,2023,6,7,23,2,0,4,26.776000000000003,1.2246467991473532e-16,-1.0
2023-06-08,37.15,75.0,1008.45,9.64,3.3074999999999997,Rainy,2023,6,8,23,3,0,3,32.15,1.2246467991473532e-16,-1.0
2023-06-09,29.49,69.76,1005.66,6.64,0.0,Cloudy,2023,6,9,23,4,0,1,23.442,1.2246467991473532e-16,-1.0
2023-06-10,38.85,42.13,1012.78,11.9,0.0,Sunny,2023,6,10,23,5,1,4,27.276000000000003,1.2246467991473532e-16,-1.0
2023-06-11,34.98,53.34,1006.81,11.35,0.0,Cloudy,2023,6,11,23,6,1,1,25.647999999999996,1.2246467991473532e-16,-1.0
2023-06-12,31.51,65.08,1009.16,13.0,0.0,Sunny,2023,6,12,24,0,0,4,24.526000000000003,1.2246467991473532e-16,-1.0
2023-06-13,33.72,68.5,1019.89,10.48,0.0,Sunny,2023,6,13,24,1,0,4,27.419999999999998,1.2246467991473532e-16,-1.0
2023-06-14,35.81,63.37,1016.59,26.843750000000004,0.0,Sunny,2023,6,14,24,2,0,4,28.484,1.2246467991473532e-16,-1.0
2023-06-15,34.39,77.12,1012.79,5.68,0.0,Cloudy,2023,6,15,24,3,0,1,29.814,1.2246467991473532e-16,-1.0
2023-06-16,35.99,44.3,1003.97,4.18,0.0,Cloudy,2023,6,16,24,4,0,1,24.85,1.2246467991473532e-16,-1.0
2023-06-17,31.43,68.43,1013.55,7.56,0.0,Sunny,2023,6,17,24,5,1,4,25.116,1.2246467991473532e-16,-1.0
2023-06-18,35.03,46.3,1018.12,4.46,0.0,Sunny,2023,6,18,24,6,1,4,24.29,1.2246467991473532e-16,-1.0
2023-06-19,30.07,75.55,1010.24,4.61,0.0,Cloudy,2023,6,19,25,0,0,1,25.18,1.2246467991473532e-16,-1.0
2023-06-20,34.34,64.02,1019.96,5.75,0.0,Sunny,2023,6,20,25,1,0,4,27.144000000000002,1.2246467991473532e-16,-1.0
2023-06-21,31.91,70.86,1019.97,5.96,3.3074999999999997,Rainy,2023,6,21,25,2,0,3,26.082,1.2246467991473532e-16,-1.0
2023-06-22,32.54,57.58,1022.1,5.87,0.0,Sunny,2023,6,22,25,3,0,4,24.055999999999997,1.2246467991473532e-16,-1.0
2023-06-23,38.94,74.54,1012.99,11.4,3.3074999999999997,Rainy,2023,6,23,25,4,0,3,33.848,1.2246467991473532e-16,-1.0
2023-06-24,38.57,72.42,1014.74,7.19,0.0,Sunny,2023,6,24,25,5,1,4,33.054,1.2246467991473532e-16,-1.0
2023-06-25,37.11,68.86,1019.92,8.32,0.0,Sunny,2023,6,25,25,6,1,4,30.881999999999998,1.2246467991473532e-16,-1.0
2023-06-26,31.74,65.49,1014.92,13.5,0.0,Sunny,2023,6,26,26,0,0,4,24.837999999999997,1.2246467991473532e-16,-1.0
2023-06-27,34.3,70.79,1008.85,6.39,3.3074999999999997,Rainy,2023,6,27,26,1,0,3,28.458,1.2246467991473532e-16,-1.0
2023-06-28,39.27,54.44,1008.42,8.01,0.0,Sunny,2023,6,28,26,2,0,4,30.158,1.2246467991473532e-16,-1.0
2023-06-29,35.91,72.42,1013.04,10.64,0.0,Sunny,2023,6,29,26,3,0,4,30.394,1.2246467991473532e-16,-1.0
2023-06-30,42.94,75.44,1002.82,3.77,3.3074999999999997,Rainy,2023,6,30,26,4,0,3,38.028,1.2246467991473532e-16,-1.0
2023-07-01,36.84,73.92,1010.61,3.09,1.12,Rainy,2023,7,1,26,5,1,3,31.624000000000002,-0.4999999999999997,-0.8660254037844388
2023-07-02,36.25,56.33,1018.14,10.55,0.0,Sunny,2023,7,2,26,6,1,4,27.516,-0.4999999999999997,-0.8660254037844388
2023-07-03,34.7,68.32,998.65,11.26,0.0,Cloudy,2023,7,3,27,0,0,1,28.364,-0.4999999999999997,-0.8660254037844388
2023-07-04,36.17,50.75,1020.78,22.85,3.3074999999999997,Rainy,2023,7,4,27,1,0,3,26.32,-0.4999999999999997,-0.8660254037844388
2023-07-05,35.29,70.02,1018.44,9.69,0.0,Sunny,2023,7,5,27,2,0,4,29.293999999999997,-0.4999999999999997,-0.8660254037844388
2023-07-06,38.09,66.84,1008.53,13.05,0.0,Sunny,2023,7,6,27,3,0,4,31.458000000000006,-0.4999999999999997,-0.8660254037844388
2023-07-07,38.92,43.06,1014.42,8.27,0.0,Sunny,2023,7,7,27,4,0,4,27.532000000000004,-0.4999999999999997,-0.8660254037844388
2023-07-08,33.38,54.02,1012.01,10.32,0.0,Sunny,2023,7,8,27,5,1,4,24.184000000000005,-0.4999999999999997,-0.8660254037844388
2023-07-09,31.66,64.01,1019.63,19.11,0.0,Sunny,2023,7,9,27,6,1,4,24.462000000000003,-0.4999999999999997,-0.8660254037844388
2023-07-10,30.07,64.94,1018.39,3.47,0.0,Sunny,2023,7,10,28,0,0,4,23.058,-0.4999999999999997,-0.8660254037844388
2023-07-11,37.59,50.59,1002.96,10.87,0.0,Cloudy,2023,7,11,28,1,0,1,27.708000000000006,-0.4999999999999997,-0.8660254037844388
2023-07-12,32.45,70.17,1015.66,23.59,0.0,Sunny,2023,7,12,28,2,0,4,26.484,-0.4999999999999997,-0.8660254037844388
2023-07-13,29.1,71.14,1011.4,10.25,3.3074999999999997,Rainy,2023,7,13,28,3,0,3,23.328000000000003,-0.4999999999999997,-0.8660254037844388
2023-07-14,37.24,60.99,1011.91,18.97,0.0,Sunny,2023,7,14,28,4,0,4,29.438000000000002,-0.4999999999999997,-0.8660254037844388
2023-07-15,43.98,50.66,1006.03,6.8,0.0,Cloudy,2023,7,15,28,5,1,1,34.111999999999995,-0.4999999999999997,-0.8660254037844388
2023-07-16,35.98,74.3,1022.09,8.9,0.0,Sunny,2023,7,16,28,6,1,4,30.839999999999996,-0.4999999999999997,-0.8660254037844388
2023-07-17,38.68,78.48,1017.44,9.16,0.0,Cloudy,2023,7,17,29,0,0,1,34.376,-0.4999999999999997,-0.8660254037844388
2023-07-18,36.25,58.79,1007.12,3.33,0.0,Cloudy,2023,7,18,29,1,0,1,28.008,-0.4999999999999997,-0.8660254037844388
2023-07-19,35.65,57.92,1003.64,5.34,0.0,Cloudy,2023,7,19,29,2,0,1,27.233999999999998,-0.4999999999999997,-0.8660254037844388
2023-07-20,38.89,66.69,1008.85,5.51,3.3074999999999997,Rainy,2023,7,20,29,3,0,3,32.228,-0.4999999999999997,-0.8660254037844388
2023-07-21,35.0,60.92,1014.36,13.06,0.0,Sunny,2023,7,21,29,4,0,4,27.184,-0.4999999999999997,-0.8660254037844388
2023-07-22,36.76,61.87,1012.93,13.36,0.0,Sunny,2023,7,22,29,5,1,4,29.133999999999997,-0.4999999999999997,-0.8660254037844388
2023-07-23,36.91,70.56,1018.98,10.44,0.0,Sunny,2023,7,23,29,6,1,4,31.022,-0.4999999999999997,-0.8660254037844388
2023-07-24,33.7,46.32,1016.68,13.08,3.3074999999999997,Rainy,2023,7,24,30,0,0,3,22.964000000000002,-0.4999999999999997,-0.8660254037844388
2023-07-25,38.98,74.9,1016.97,8.38,0.0,Sunny,2023,7,25,30,1,0,4,33.96,-0.4999999999999997,-0.8660254037844388
2023-07-26,35.2,65.09,1013.68,15.5,3.3074999999999997,Thunderstorm,2023,7,26,30,2,0,5,28.218000000000004,-0.4999999999999997,-0.8660254037844388
2023-07-27,33.3,61.58,1003.67,9.06,0.0,Cloudy,2023,7,27,30,3,0,1,25.615999999999996,-0.4999999999999997,-0.8660254037844388
2023-07-28,37.38,61.94,1010.22,9.26,3.3074999999999997,Rainy,2023,7,28,30,4,0,3,29.768,-0.4999999999999997,-0.8660254037844388
2023-07-29,32.73,65.71,1018.45,8.01,0.0,Sunny,2023,7,29,30,5,1,4,25.871999999999996,-0.4999999999999997,-0.8660254037844388
2023-07-30,35.64,46.74,1011.34,12.28,0.0,Sunny,2023,7,30,30,6,1,4,24.988,-0.4999999999999997,-0.8660254037844388
2023-07-31,35.46,79.13,1014.7,7.47,0.0,Cloudy,2023,7,31,31,0,0,1,31.286,-0.4999999999999997,-0.8660254037844388
2023-08-01,38.9,62.18,1009.25,14.0,0.0,Sunny,2023,8,1,31,1,0,4,31.336,-0.8660254037844385,-0.5000000000000004
2023-08-02,36.87,67.62,1005.29,5.42,0.0,Cloudy,2023,8,2,31,2,0,1,30.394,-0.8660254037844385,-0.5000000000000004
2023-08-03,35.2,73.88,1010.98,5.5,3.3074999999999997,Rainy,2023,8,3,31,3,0,3,29.976000000000003,-0.8660254037844385,-0.5000000000000004
2023-08-04,37.82,52.31,1013.18,12.3,0.0,Sunny,2023,8,4,31,4,0,4,28.282,-0.8660254037844385,-0.5000000000000004
2023-08-05,39.57,66.04,1007.13,8.67,0.0,Cloudy,2023,8,5,31,5,1,1,32.778,-0.8660254037844385,-0.5000000000000004
2023-08-06,36.82,60.55,1010.06,7.36,0.0,Sunny,2023,8,6,31,6,1,4,28.93,-0.8660254037844385,-0.5000000000000004
2023-08-07,34.97,72.99,1006.12,13.47,0.0,Cloudy,2023,8,7,32,0,0,1,29.567999999999998,-0.8660254037844385,-0.5000000000000004
2023-08-08,30.65,46.27,1019.12,6.87,0.0,Sunny,2023,8,8,32,1,0,4,19.904,-0.8660254037844385,-0.5000000000000004
2023-08-09,31.34,66.07,1010.53,8.25,0.0,Sunny,2023,8,9,32,2,0,4,24.554,-0.8660254037844385,-0.5000000000000004
2023-08-10,33.67,59.4,1020.67,16.94,0.0,Sunny,2023,8,10,32,3,0,4,25.55,-0.8660254037844385,-0.5000000000000004
2023-08-11,32.59,70.51,1021.28,18.04,0.0,Sunny,2023,8,11,32,4,0,4,26.692000000000004,-0.8660254037844385,-0.5000000000000004
2023-08-12,33.83,70.02,1011.44,18.31,0.0,Sunny,2023,8,12,32,5,1,4,27.833999999999996,-0.8660254037844385,-0.5000000000000004
2023-08-13,34.5,57.77,1005.77,7.95,0.0,Cloudy,2023,8,13,32,6,1,1,26.054000000000002,-0.8660254037844385,-0.5000000000000004
2023-08-14,35.9,56.75,999.1,15.7,0.0,Cloudy,2023,8,14,33,0,0,1,27.25,-0.8660254037844385,-0.5000000000000004
2023-08-15,33.86,64.19,1003.09,5.89,0.0,Cloudy,2023,8,15,33,1,0,1,26.698,-0.8660254037844385,-0.5000000000000004
2023-08-16,35.52,55.17,1003.43,6.0,0.0,Cloudy,2023,8,16,33,2,0,1,26.554000000000002,-0.8660254037844385,-0.5000000000000004
2023-08-17,34.04,73.59,1020.16,3.13,0.0,Sunny,2023,8,17,33,3,0,4,28.758,-0.8660254037844385,-0.5000000000000004
2023-08-18,27.38,66.14,1013.59,19.16,0.0,Clear,2023,8,18,33,4,0,0,20.607999999999997,-0.8660254037844385,-0.5000000000000004
2023-08-19,30.56,38.54,1014.75,6.12,3.3074999999999997,Rainy,2023,8,19,33,5,1,3,18.268,-0.8660254037844385,-0.5000000000000004
2023-08-20,32.97,62.17,998.73,8.53,0.0,Cloudy,2023,8,20,33,6,1,1,25.404,-0.8660254037844385,-0.5000000000000004
2023-08-21,29.42,58.02,1005.4,5.99,0.0,Cloudy,2023,8,21,34,0,0,1,21.024,-0.8660254037844385,-0.5000000000000004
2023-08-22,35.07,48.14,1017.06,12.34,0.0,Sunny,2023,8,22,34,1,0,4,24.698,-0.8660254037844385,-0.5000000000000004
2023-08-23,37.9,50.1,1013.04,7.62,0.0,Sunny,2023,8,23,34,2,0,4,27.919999999999998,-0.8660254037844385,-0.5000000000000004
2023-08-24,36.75,64.37,1010.6,5.02,0.0,Sunny,2023,8,24,34,3,0,4,29.624000000000002,-0.8660254037844385,-0.5000000000000004
2023-08-25,32.01,79.88,1015.59,11.01,0.0,Cloudy,2023,8,25,34,4,0,1,27.985999999999997,-0.8660254037844385,-0.5000000000000004
2023-08-26,37.31,66.01,1021.22,4.73,0.0,Sunny,2023,8,26,34,5,1,4,30.512000000000004,-0.8660254037844385,-0.5000000000000004
2023-08-27,32.85,59.94,1010.75,6.19,0.0,Sunny,2023,8,27,34,6,1,4,24.838,-0.8660254037844385,-0.5000000000000004
2023-08-28,31.14,71.76,1012.75,3.5,0.0,Sunny,2023,8,28,35,0,0,4,25.492,-0.8660254037844385,-0.5000000000000004
2023-08-29,30.08,63.35,1013.64,4.76,0.0,Sunny,2023,8,29,35,1,0,4,22.75,-0.8660254037844385,-0.5000000000000004
2023-08-30,30.91,60.42,1026.72,9.78,0.0,Sunny,2023,8,30,35,2,0,4,22.994,-0.8660254037844385,-0.5000000000000004
2023-08-31,30.46,56.13,999.83,3.73,3.3074999999999997,Rainy,2023,8,31,35,3,0,3,21.686,-0.8660254037844385,-0.5000000000000004
2023-09-01,32.08,49.03,1016.29,4.63,0.0,Sunny,2023,9,1,35,4,0,4,21.886,-1.0,-1.8369701987210297e-16
2023-09-02,31.87,62.79,1011.53,9.02,0.0,Sunny,2023,9,2,35,5,1,4,24.428,-1.0,-1.8369701987210297e-16
2023-09-03,31.18,68.75,1015.72,7.07,0.0,Sunny,2023,9,3,35,6,1,4,24.93,-1.0,-1.8369701987210297e-16
2023-09-04,32.39,65.36,1008.2,22.12,0.0,Sunny,2023,9,4,36,0,0,4,25.462,-1.0,-1.8369701987210297e-16
2023-09-05,34.61,60.61,1011.51,20.6,0.0,Sunny,2023,9,5,36,1,0,4,26.732,-1.0,-1.8369701987210297e-16
2023-09-06,33.65,55.99,1016.22,6.11,0.0,Sunny,2023,9,6,36,2,0,4,24.848,-1.0,-1.8369701987210297e-16
2023-09-07,25.67,77.11,1031.83,11.6,0.0,Cloudy,2023,9,7,36,3,0,1,21.092000000000002,-1.0,-1.8369701987210297e-16
2023-09-08,22.06,60.39,1018.54,12.64,0.0,Clear,2023,9,8,36,4,0,0,14.137999999999998,-1.0,-1.8369701987210297e-16
2023-09-09,33.02,73.65,1006.96,6.9,0.0,Cloudy,2023,9,9,36,5,1,1,27.750000000000004,-1.0,-1.8369701987210297e-16
2023-09-10,25.46,61.16,1010.64,4.6,0.0,Clear,2023,9,10,36,6,1,0,17.692,-1.0,-1.8369701987210297e-16
2023-09-11,28.91,61.24,1009.94,8.98,0.0,Clear,2023,9,11,37,0,0,0,21.158,-1.0,-1.8369701987210297e-16
2023-09-12,25.69,56.35,1002.37,8.35,0.0,Cloudy,2023,9,12,37,1,0,1,16.96,-1.0,-1.8369701987210297e-16
2023-09-13,23.46,67.56,1011.5,7.42,0.0,Clear,2023,9,13,37,2,0,0,16.972,-1.0,-1.8369701987210297e-16
2023-09-14,30.75,77.23,1016.78,11.01,0.0,Cloudy,2023,9,14,37,3,0,1,26.196,-1.0,-1.8369701987210297e-16
2023-09-15,31.24,72.29,1004.67,6.44,3.3074999999999997,Rainy,2023,9,15,37,4,0,3,25.698,-1.0,-1.8369701987210297e-16
2023-09-16,26.75,80.06,1019.28,5.37,0.0,Cloudy,2023,9,16,37,5,1,1,22.762,-1.0,-1.8369701987210297e-16
2023-09-17,20.09,73.59,1016.91,9.48,0.0,Cloudy,2023,9,17,37,6,1,1,14.808,-1.0,-1.8369701987210297e-16
2023-09-18,26.42,59.47,1008.63,10.74,0.0,Clear,2023,9,18,38,0,0,0,18.314,-1.0,-1.8369701987210297e-16
2023-09-19,29.2,65.25,1011.77,5.31,0.0,Clear,2023,9,19,38,1,0,0,22.25,-1.0,-1.8369701987210297e-16
2023-09-20,23.0,65.1,1023.14,13.7,0.0,Clear,2023,9,20,38,2,0,0,16.02,-1.0,-1.8369701987210297e-16
2023-09-21,28.1,82.64,1017.19,4.07,0.0,Cloudy,2023,9,21,38,3,0,1,24.628,-1.0,-1.8369701987210297e-16
2023-09-22,27.24,57.96,1012.97,6.96,0.0,Clear,2023,9,22,38,4,0,0,18.832,-1.0,-1.8369701987210297e-16
2023-09-23,28.92,77.69,1011.24,8.04,3.3074999999999997,Thunderstorm,2023,9,23,38,5,1,5,24.458000000000002,-1.0,-1.8369701987210297e-16
2023-09-24,27.22,78.88,1013.38,6.78,0.0,Cloudy,2023,9,24,38,6,1,1,22.996,-1.0,-1.8369701987210297e-16
2023-09-25,23.5,90.85,1010.4,7.0,0.0,Cloudy,2023,9,25,39,0,0,1,21.669999999999998,-1.0,-1.8369701987210297e-16
2023-09-26,30.21,63.76,999.84,20.95,0.0,Cloudy,2023,9,26,39,1,0,1,22.962,-1.0,-1.8369701987210297e-16
2023-09-27,25.65,78.17,1025.41,6.15,0.0,Cloudy,2023,9,27,39,2,0,1,21.284,-1.0,-1.8369701987210297e-16
2023-09-28,25.84,93.73,1014.06,26.843750000000004,0.0,Cloudy,2023,9,28,39,3,0,1,24.586000000000002,-1.0,-1.8369701987210297e-16
2023-09-29,22.7,66.93,1015.98,10.99,0.0,Clear,2023,9,29,39,4,0,0,16.086,-1.0,-1.8369701987210297e-16
2023-09-30,24.04,56.82,1013.05,9.41,0.0,Clear,2023,9,30,39,5,1,0,15.404,-1.0,-1.8369701987210297e-16
2023-10-01,22.39,54.53,1009.23,11.18,0.0,Clear,2023,10,1,39,6,1,0,13.296000000000001,-0.8660254037844386,0.5000000000000001
2023-10-02,24.44,79.02,1012.22,26.843750000000004,3.3074999999999997,Rainy,2023,10,2,40,0,0,3,20.244,-0.8660254037844386,0.5000000000000001
2023-10-03,30.23,49.01,1002.87,5.77,0.0,Cloudy,2023,10,3,40,1,0,1,20.032,-0.8660254037844386,0.5000000000000001
2023-10-04,20.13,71.19,1027.64,5.45,0.0,Clear,2023,10,4,40,2,0,0,14.367999999999999,-0.8660254037844386,0.5000000000000001
2023-10-05,19.12,79.99,1006.72,6.43,3.3074999999999997,Rainy,2023,10,5,40,3,0,3,15.118,-0.8660254037844386,0.5000000000000001
2023-10-06,28.75,70.73,1006.5,9.16,2.77,Rainy,2023,10,6,40,4,0,3,22.896,-0.8660254037844386,0.5000000000000001
2023-10-07,23.13,77.06,1010.89,4.15,0.0,Cloudy,2023,10,7,40,5,1,1,18.542,-0.8660254037844386,0.5000000000000001
2023-10-08,21.42,76.23,1021.52,9.12,0.0,Cloudy,2023,10,8,40,6,1,1,16.666000000000004,-0.8660254037844386,0.5000000000000001
2023-10-09,26.65,83.13,1013.09,19.34,0.0,Cloudy,2023,10,9,41,0,0,1,23.275999999999996,-0.8660254037844386,0.5000000000000001
2023-10-10,21.15,64.67,1006.41,9.66,0.0,Cloudy,2023,10,10,41,1,0,1,14.084,-0.8660254037844386,0.5000000000000001
2023-10-11,28.69,62.15,1020.22,7.91,0.0,Clear,2023,10,11,41,2,0,0,21.12,-0.8660254037844386,0.5000000000000001
2023-10-12,24.77,63.93,1017.67,6.83,0.0,Clear,2023,10,12,41,3,0,0,17.555999999999997,-0.8660254037844386,0.5000000000000001
2023-10-13,20.8,82.74,1017.11,13.52,0.0,Cloudy,2023,10,13,41,4,0,1,17.348,-0.8660254037844386,0.5000000000000001
2023-10-14,29.02,77.69,1016.94,6.22,0.0,Cloudy,2023,10,14,41,5,1,1,24.558,-0.8660254037844386,0.5000000000000001
2023-10-15,19.94,79.55,1028.38,20.72,0.0,Cloudy,2023,10,15,41,6,1,1,15.850000000000001,-0.8660254037844386,0.5000000000000001
2023-10-16,24.01,84.03,1026.51,21.54,0.0,Cloudy,2023,10,16,42,0,0,1,20.816000000000003,-0.8660254037844386,0.5000000000000001
2023-10-17,22.36,61.57,1009.53,10.13,3.3074999999999997,Rainy,2023,10,17,42,1,0,3,14.674,-0.8660254037844386,0.5000000000000001
2023-10-18,25.32,73.59,1022.95,8.98,0.0,Cloudy,2023,10,18,42,2,0,1,20.038,-0.8660254037844386,0.5000000000000001
2023-10-19,25.91,86.1,1015.41,14.35,0.0,Cloudy,2023,10,19,42,3,0,1,23.13,-0.8660254037844386,0.5000000000000001
2023-10-20,20.78,81.81,1016.88,14.77,0.0,Cloudy,2023,10,20,42,4,0,1,17.142000000000003,-0.8660254037844386,0.5000000000000001
2023-10-21,18.03,94.2,1004.14,6.28,0.0,Cloudy,2023,10,21,42,5,1,1,16.87,-0.8660254037844386,0.5000000000000001
2023-10-22,21.67,57.26,1012.73,7.12,0.0,Clear,2023,10,22,42,6,1,0,13.122000000000002,-0.8660254037844386,0.5000000000000001
2023-10-23,17.79,71.3,1009.45,4.98,0.0,Clear,2023,10,23,43,0,0,0,12.049999999999999,-0.8660254037844386,0.5000000000000001
2023-10-24,26.16,63.33,1018.04,10.85,0.0,Clear,2023,10,24,43,1,0,0,18.826,-0.8660254037844386,0.5000000000000001
2023-10-25,19.92,82.27,1020.44,12.18,0.0,Cloudy,2023,10,25,43,2,0,1,16.374000000000002,-0.8660254037844386,0.5000000000000001
2023-10-26,18.08,65.84,1001.84,4.92,0.0,Cloudy,2023,10,26,43,3,0,1,11.248,-0.8660254037844386,0.5000000000000001
2023-10-27,19.6,82.85,1013.93,7.35,0.0,Cloudy,2023,10,27,43,4,0,1,16.17,-0.8660254037844386,0.5000000000000001
2023-10-28,14.46,92.58,1021.56,4.92,0.0,Foggy,2023,10,28,43,5,1,2,12.976,-0.8660254037844386,0.5000000000000001
2023-10-29,15.43,85.15,1013.57,6.02,0.0,Cloudy,2023,10,29,43,6,1,1,12.46,-0.8660254037844386,0.5000000000000001
2023-10-30,22.15,76.33,1018.05,11.56,0.0,Cloudy,2023,10,30,44,0,0,1,17.415999999999997,-0.8660254037844386,0.5000000000000001
2023-10-31,15.97,67.94,1016.71,6.49,0.0,Clear,2023,10,31,44,1,0,0,9.558,-0.8660254037844386,0.5000000000000001
2023-11-01,14.5,70.38,1016.87,7.88,0.0,Clear,2023,11,1,44,2,0,0,8.575999999999999,-0.5000000000000004,0.8660254037844384
2023-11-02,19.33,87.97,1012.47,4.34,1.3,Rainy,2023,11,2,44,3,0,3,16.924,-0.5000000000000004,0.8660254037844384
2023-11-03,21.18,81.97,1006.52,9.82,0.0,Cloudy,2023,11,3,44,4,0,1,17.573999999999998,-0.5000000000000004,0.8660254037844384
2023-11-04,19.46,74.99,1007.35,8.85,3.3074999999999997,Rainy,2023,11,4,44,5,1,3,14.458,-0.5000000000000004,0.8660254037844384
2023-11-05,20.12,70.74,1018.24,6.5,0.0,Clear,2023,11,5,44,6,1,0,14.268,-0.5000000000000004,0.8660254037844384
2023-11-06,14.29,58.74,1014.97,8.29,0.0,Clear,2023,11,6,45,0,0,0,6.038,-0.5000000000000004,0.8660254037844384
2023-11-07,11.94,69.93,1014.38,9.79,3.3074999999999997,Rainy,2023,11,7,45,1,0,3,5.926000000000001,-0.5000000000000004,0.8660254037844384
2023-11-08,21.07,93.37,1011.3,6.25,2.23,Rainy,2023,11,8,45,2,0,3,19.744,-0.5000000000000004,0.8660254037844384
2023-11-09,15.02,65.68,1012.92,4.64,0.0,Clear,2023,11,9,45,3,0,0,8.156,-0.5000000000000004,0.8660254037844384
2023-11-10,15.03,80.37,1021.03,20.34,3.3074999999999997,Thunderstorm,2023,11,10,45,4,0,5,11.104,-0.5000000000000004,0.8660254037844384
2023-11-11,19.87,85.17,1012.01,6.79,0.0,Cloudy,2023,11,11,45,5,1,1,16.904,-0.5000000000000004,0.8660254037844384
2023-11-12,17.18,64.42,1006.38,8.64,0.0,Cloudy,2023,11,12,45,6,1,1,10.064,-0.5000000000000004,0.8660254037844384
2023-11-13,16.65,79.19,1018.96,14.22,0.0,Cloudy,2023,11,13,46,0,0,1,12.487999999999998,-0.5000000000000004,0.8660254037844384
2023-11-14,21.91,83.04,1012.48,26.843750000000004,3.3074999999999997,Rainy,2023,11,14,46,1,0,3,18.518,-0.5000000000000004,0.8660254037844384
2023-11-15,12.72,80.22,1015.28,5.16,3.3074999999999997,Rainy,2023,11,15,46,2,0,3,8.764,-0.5000000000000004,0.8660254037844384
2023-11-16,17.54,98.0,1024.01,11.05,0.0,Cloudy,2023,11,16,46,3,0,1,17.14,-0.5000000000000004,0.8660254037844384
2023-11-17,14.55,62.13,1014.69,6.56,0.0,Clear,2023,11,17,46,4,0,0,6.976000000000001,-0.5000000000000004,0.8660254037844384
2023-11-18,15.03,89.07,1016.48,7.08,0.0,Cloudy,2023,11,18,46,5,1,1,12.843999999999998,-0.5000000000000004,0.8660254037844384
2023-11-19,18.86,74.07,1007.1,6.53,3.3074999999999997,Rainy,2023,11,19,46,6,1,3,13.673999999999998,-0.5000000000000004,0.8660254037844384
2023-11-20,15.4,85.94,1013.37,5.44,0.0,Cloudy,2023,11,20,47,0,0,1,12.588000000000001,-0.5000000000000004,0.8660254037844384
2023-11-21,15.3,82.7,1018.36,8.86,0.0,Cloudy,2023,11,21,47,1,0,1,11.840000000000002,-0.5000000000000004,0.8660254037844384
2023-11-22,16.82,69.89,1005.14,4.65,0.0,Cloudy,2023,11,22,47,2,0,1,10.798,-0.5000000000000004,0.8660254037844384
2023-11-23,12.03,82.87,1016.4,13.82,0.0,Cloudy,2023,11,23,47,3,0,1,8.604,-0.5000000000000004,0.8660254037844384
2023-11-24,10.33,63.19,1016.06,9.25,0.0,Clear,2023,11,24,47,4,0,0,2.968,-0.5000000000000004,0.8660254037844384
2023-11-25,9.48,88.4,1015.83,10.91,0.0,Foggy,2023,11,25,47,5,1,2,7.160000000000002,-0.5000000000000004,0.8660254037844384
2023-11-26,6.35,87.54,1022.27,7.32,0.0,Cloudy,2023,11,26,47,6,1,1,3.858000000000001,-0.5000000000000004,0.8660254037844384
2023-11-27,19.05,82.05,1016.15,7.65,0.0,Cloudy,2023,11,27,48,0,0,1,15.46,-0.5000000000000004,0.8660254037844384
2023-11-28,8.76,93.45,1024.55,10.27,3.3074999999999997,Rainy,2023,11,28,48,1,0,3,7.45,-0.5000000000000004,0.8660254037844384
2023-11-29,11.41,84.69,1009.33,5.35,0.0,Cloudy,2023,11,29,48,2,0,1,8.347999999999999,-0.5000000000000004,0.8660254037844384
2023-11-30,11.07,82.73,1016.16,7.68,0.0,Cloudy,2023,11,30,48,3,0,1,7.616000000000001,-0.5000000000000004,0.8660254037844384
2023-12-01,12.77,71.25,1015.59,6.13,0.0,Clear,2023,12,1,48,4,0,0,7.02,-2.4492935982947064e-16,1.0
2023-12-02,14.23,71.92,1008.45,6.05,3.3074999999999997,Thunderstorm,2023,12,2,48,5,1,5,8.614,-2.4492935982947064e-16,1.0
2023-12-03,14.22,90.91,1020.6,3.49,0.0,Foggy,2023,12,3,48,6,1,2,12.402,-2.4492935982947064e-16,1.0
2023-12-04,9.44,96.76,1029.53,16.49,0.0,Foggy,2023,12,4,49,0,0,2,8.792,-2.4492935982947064e-16,1.0
2023-12-05,10.62,79.18,1015.3,6.63,0.0,Cloudy,2023,12,5,49,1,0,1,6.456,-2.4492935982947064e-16,1.0
2023-12-06,11.91,81.12,1018.24,15.23,0.0,Cloudy,2023,12,6,49,2,0,1,8.134,-2.4492935982947064e-16,1.0
2023-12-07,10.06,72.91,1016.0,14.6,0.0,Clear,2023,12,7,49,3,0,0,4.6419999999999995,-2.4492935982947064e-16,1.0
2023-12-08,15.85,89.63,1010.34,5.06,3.3074999999999997,Rainy,2023,12,8,49,4,0,3,13.776,-2.4492935982947064e-16,1.0
2023-12-09,12.14,87.16,1004.25,5.53,0.0,Cloudy,2023,12,9,49,5,1,1,9.572,-2.4492935982947064e-16,1.0
2023-12-10,12.78,98.0,1010.85,26.843750000000004,3.3074999999999997,Rainy,2023,12,10,49,6,1,3,12.379999999999999,-2.4492935982947064e-16,1.0
2023-12-11,12.42,71.52,1006.79,19.84,0.65,Rainy,2023,12,11,50,0,0,3,6.723999999999999,-2.4492935982947064e-16,1.0
2023-12-12,13.92,75.48,1025.14,8.9,0.0,Cloudy,2023,12,12,50,1,0,1,9.016000000000002,-2.4492935982947064e-16,1.0
2023-12-13,10.62,83.88,1014.72,10.13,0.0,Cloudy,2023,12,13,50,2,0,1,7.395999999999998,-2.4492935982947064e-16,1.0
2023-12-14,5.77,91.43,1014.06,6.79,0.0,Foggy,2023,12,14,50,3,0,2,4.056000000000001,-2.4492935982947064e-16,1.0
2023-12-15,11.08,79.09,1020.67,10.96,3.06,Rainy,2023,12,15,50,4,0,3,6.898000000000001,-2.4492935982947064e-16,1.0
2023-12-16,7.6,74.95,1009.13,6.54,3.3074999999999997,Rainy,2023,12,16,50,5,1,3,2.59,-2.4492935982947064e-16,1.0
2023-12-17,7.88,92.3,1011.22,3.62,1.16,Rainy,2023,12,17,50,6,1,3,6.34,-2.4492935982947064e-16,1.0
2023-12-18,11.33,88.28,1015.71,4.98,0.0,Foggy,2023,12,18,51,0,0,2,8.986,-2.4492935982947064e-16,1.0
2023-12-19,13.32,70.51,1021.17,9.11,0.0,Clear,2023,12,19,51,1,0,0,7.4220000000000015,-2.4492935982947064e-16,1.0
2023-12-20,9.32,96.03,1018.61,5.43,3.3074999999999997,Rainy,2023,12,20,51,2,0,3,8.526,-2.4492935982947064e-16,1.0
2023-12-21,10.14,93.6,1016.97,8.76,0.0,Foggy,2023,12,21,51,3,0,2,8.86,-2.4492935982947064e-16,1.0
2023-12-22,14.51,80.19,1015.29,5.56,0.0,Cloudy,2023,12,22,51,4,0,1,10.547999999999998,-2.4492935982947064e-16,1.0
2023-12-23,9.74,82.98,1017.94,6.35,0.0,Cloudy,2023,12,23,51,5,1,1,6.336000000000001,-2.4492935982947064e-16,1.0
2023-12-24,17.21,82.49,1015.63,13.25,0.0,Cloudy,2023,12,24,51,6,1,1,13.708,-2.4492935982947064e-16,1.0
2023-12-25,10.61,72.96,1009.23,10.09,0.0,Clear,2023,12,25,52,0,0,0,5.201999999999998,-2.4492935982947064e-16,1.0
2023-12-26,3.09,87.14,1016.81,8.99,3.3074999999999997,Rainy,2023,12,26,52,1,0,3,0.5179999999999998,-2.4492935982947064e-16,1.0
2023-12-27,11.06,59.73,1008.9,13.4,0.0,Clear,2023,12,27,52,2,0,0,3.0060000000000002,-2.4492935982947064e-16,1.0
2023-12-28,9.8,90.9,1016.02,11.2,0.0,Foggy,2023,12,28,52,3,0,2,7.980000000000002,-2.4492935982947064e-16,1.0
2023-12-29,12.64,64.54,1012.22,17.3,3.3074999999999997,Rainy,2023,12,29,52,4,0,3,5.548000000000002,-2.4492935982947064e-16,1.0
2023-12-30,10.6,96.61,1030.65,7.34,0.0,Foggy,2023,12,30,52,5,1,2,9.921999999999999,-2.4492935982947064e-16,1.0
2023-12-31,7.95,80.13,1015.57,7.44,0.0,Cloudy,2023,12,31,52,6,1,1,3.975999999999999,-2.4492935982947064e-16,1.0
2024-01-01,4.42,83.79,1007.91,5.03,3.3074999999999997,Rainy,2024,1,1,1,0,0,3,1.1780000000000013,0.49999999999999994,0.8660254037844387
2024-01-02,7.62,77.39,1015.05,7.44,0.0,Cloudy,2024,1,2,1,1,0,1,3.098,0.49999999999999994,0.8660254037844387
2024-01-03,5.52,82.26,1019.29,13.93,0.0,Cloudy,2024,1,3,1,2,0,1,1.9720000000000004,0.49999999999999994,0.8660254037844387
2024-01-04,6.34,98.0,1026.09,16.2,0.0,Foggy,2024,1,4,1,3,0,2,5.9399999999999995,0.49999999999999994,0.8660254037844387
2024-01-05,10.04,57.09,1011.96,13.9,0.0,Clear,2024,1,5,1,4,0,0,1.4580000000000002,0.49999999999999994,0.8660254037844387
2024-01-06,13.47,92.34,1005.48,4.03,3.3074999999999997,Rainy,2024,1,6,1,5,1,3,11.938,0.49999999999999994,0.8660254037844387
2024-01-07,9.36,85.83,1020.5,14.69,0.0,Cloudy,2024,1,7,1,6,1,1,6.525999999999999,0.49999999999999994,0.8660254037844387
2024-01-08,4.24,73.96,1008.08,3.95,3.3074999999999997,Rainy,2024,1,8,2,0,0,3,-0.9680000000000009,0.49999999999999994,0.8660254037844387
2024-01-09,9.47,71.62,1012.96,13.52,3.3074999999999997,Rainy,2024,1,9,2,1,0,3,3.7940000000000014,0.49999999999999994,0.8660254037844387
2024-01-10,11.86,97.46,1013.68,7.65,0.0,Foggy,2024,1,10,2,2,0,2,11.351999999999999,0.49999999999999994,0.8660254037844387
2024-01-11,6.06,75.3,1015.67,12.38,0.0,Cloudy,2024,1,11,2,3,0,1,1.1199999999999992,0.49999999999999994,0.8660254037844387
2024-01-12,7.58,72.16,1020.0,4.96,0.0,Clear,2024,1,12,2,4,0,0,2.0119999999999996,0.49999999999999994,0.8660254037844387
2024-01-13,8.05,94.74,1011.69,15.29,3.3074999999999997,Rainy,2024,1,13,2,5,1,3,6.997999999999999,0.49999999999999994,0.8660254037844387
2024-01-14,5.49,88.54,1014.53,4.67,0.0,Foggy,2024,1,14,2,6,1,2,3.1980000000000013,0.49999999999999994,0.8660254037844387
2024-01-15,10.08,72.56,1015.4,6.68,0.0,Clear,2024,1,15,3,0,0,0,4.5920000000000005,0.49999999999999994,0.8660254037844387
2024-01-16,7.62,85.83,1016.75,5.76,0.0,Cloudy,2024,1,16,3,1,0,1,4.786,0.49999999999999994,0.8660254037844387
2024-01-17,9.36,72.19,1016.18,4.1,0.0,Clear,2024,1,17,3,2,0,0,3.797999999999999,0.49999999999999994,0.8660254037844387
2024-01-18,5.2,96.37,1018.84,9.42,0.0,Foggy,2024,1,18,3,3,0,2,4.474000000000001,0.49999999999999994,0.8660254037844387
2024-01-19,6.66,94.95,1021.06,20.34,0.0,Foggy,2024,1,19,3,4,0,2,5.65,0.49999999999999994,0.8660254037844387
2024-01-20,10.39,87.05,1017.8,26.843750000000004,0.0,Cloudy,2024,1,20,3,5,1,1,7.8,0.49999999999999994,0.8660254037844387
2024-01-21,6.92,87.77,1018.68,9.43,0.0,Cloudy,2024,1,21,3,6,1,1,4.473999999999999,0.49999999999999994,0.8660254037844387
2024-01-22,13.67,97.04,1005.46,14.92,3.3074999999999997,Rainy,2024,1,22,4,0,0,3,13.078000000000001,0.49999999999999994,0.8660254037844387
2024-01-23,6.9,84.17,1016.27,10.02,0.0,Cloudy,2024,1,23,4,1,0,1,3.734000000000001,0.49999999999999994,0.8660254037844387
2024-01-24,8.94,70.92,1018.54,11.3,0.0,Clear,2024,1,24,4,2,0,0,3.1239999999999997,0.49999999999999994,0.8660254037844387
2024-01-25,11.25,85.62,1019.69,7.74,0.0,Cloudy,2024,1,25,4,3,0,1,8.374,0.49999999999999994,0.8660254037844387
2024-01-26,3.77,98.0,1012.28,9.85,0.0,Foggy,2024,1,26,4,4,0,2,3.37,0.49999999999999994,0.8660254037844387
2024-01-27,2.73,76.94,1012.64,11.49,0.0,Cloudy,2024,1,27,4,5,1,1,-1.8820000000000001,0.49999999999999994,0.8660254037844387
2024-01-28,3.54,82.91,1013.02,6.96,0.0,Cloudy,2024,1,28,4,6,1,1,0.12199999999999944,0.49999999999999994,0.8660254037844387
2024-01-29,12.52,84.4,1018.34,8.72,3.3074999999999997,Rainy,2024,1,29,5,0,0,3,9.4,0.49999999999999994,0.8660254037844387
2024-01-30,6.78,83.71,1022.19,8.79,0.0,Cloudy,2024,1,30,5,1,0,1,3.521999999999999,0.49999999999999994,0.8660254037844387
2024-01-31,16.8,67.42,1012.04,13.09,0.0,Clear,2024,1,31,5,2,0,0,10.284,0.49999999999999994,0.8660254037844387
2024-02-01,6.88,95.4,1021.42,5.59,0.0,Foggy,2024,2,1,5,3,0,2,5.960000000000001,0.8660254037844386,0.5000000000000001
2024-02-02,9.35,98.0,1016.34,8.82,0.0,Foggy,2024,2,2,5,4,0,2,8.95,0.8660254037844386,0.5000000000000001
2024-02-03,13.78,81.32,1014.19,21.34,0.0,Cloudy,2024,2,3,5,5,1,1,10.043999999999997,0.8660254037844386,0.5000000000000001
2024-02-04,15.35,69.21,1013.56,15.24,0.0,Clear,2024,2,4,5,6,1,0,9.191999999999998,0.8660254037844386,0.5000000000000001
2024-02-05,15.61,62.58,1019.14,16.56,0.0,Clear,2024,2,5,6,0,0,0,8.126,0.8660254037844386,0.5000000000000001
2024-02-06,12.97,82.5,1017.01,9.12,0.0,Cloudy,2024,2,6,6,1,0,1,9.47,0.8660254037844386,0.5000000000000001
2024-02-07,12.48,91.3,1028.78,10.43,0.0,Foggy,2024,2,7,6,2,0,2,10.74,0.8660254037844386,0.5000000000000001
2024-02-08,11.2,85.91,1010.21,14.17,0.0,Cloudy,2024,2,8,6,3,0,1,8.381999999999998,0.8660254037844386,0.5000000000000001
2024-02-09,11.9,80.65,1018.32,18.21,3.3074999999999997,Rainy,2024,2,9,6,4,0,3,8.030000000000001,0.8660254037844386,0.5000000000000001
2024-02-10,7.75,77.68,1012.66,3.75,3.3074999999999997,Rainy,2024,2,10,6,5,1,3,3.2860000000000014,0.8660254037844386,0.5000000000000001
2024-02-11,7.0,73.18,1010.73,4.99,0.0,Clear,2024,2,11,6,6,1,0,1.636000000000001,0.8660254037844386,0.5000000000000001
2024-02-12,9.73,90.54,1015.48,16.27,0.0,Foggy,2024,2,12,7,0,0,2,7.838000000000002,0.8660254037844386,0.5000000000000001
2024-02-13,9.31,91.62,1016.43,7.97,0.0,Foggy,2024,2,13,7,1,0,2,7.634000000000001,0.8660254037844386,0.5000000000000001
2024-02-14,8.53,67.57,1033.23,6.67,0.0,Clear,2024,2,14,7,2,0,0,2.043999999999998,0.8660254037844386,0.5000000000000001
2024-02-15,12.33,96.27,1014.05,5.13,0.0,Foggy,2024,2,15,7,3,0,2,11.584,0.8660254037844386,0.5000000000000001
2024-02-16,13.29,85.44,1008.23,7.03,3.3074999999999997,Rainy,2024,2,16,7,4,0,3,10.377999999999998,0.8660254037844386,0.5000000000000001
2024-02-17,10.65,95.54,1017.04,4.8,0.0,Foggy,2024,2,17,7,5,1,2,9.758000000000001,0.8660254037844386,0.5000000000000001
2024-02-18,15.23,64.92,1002.27,23.13,0.0,Cloudy,2024,2,18,7,6,1,1,8.214,0.8660254037844386,0.5000000000000001
2024-02-19,6.99,70.45,1015.4,8.93,0.0,Clear,2024,2,19,8,0,0,0,1.080000000000001,0.8660254037844386,0.5000000000000001
2024-02-20,10.16,80.4,1015.57,8.79,0.0,Cloudy,2024,2,20,8,1,0,1,6.240000000000001,0.8660254037844386,0.5000000000000001
2024-02-21,8.63,87.99,1020.47,11.76,0.0,Cloudy,2024,2,21,8,2,0,1,6.228,0.8660254037844386,0.5000000000000001
2024-02-22,5.1,98.0,1022.08,13.92,0.0,Foggy,2024,2,22,8,3,0,2,4.699999999999999,0.8660254037844386,0.5000000000000001
2024-02-23,10.96,88.39,1012.33,13.81,3.3074999999999997,Rainy,2024,2,23,8,4,0,3,8.638000000000002,0.8660254037844386,0.5000000000000001
2024-02-24,10.99,78.88,1014.45,14.63,3.3074999999999997,Rainy,2024,2,24,8,5,1,3,6.765999999999999,0.8660254037844386,0.5000000000000001
2024-02-25,16.39,67.26,1009.94,6.79,0.0,Clear,2024,2,25,8,6,1,0,9.842000000000002,0.8660254037844386,0.5000000000000001
2024-02-26,13.72,91.7,1008.17,7.89,0.0,Foggy,2024,2,26,9,0,0,2,12.06,0.8660254037844386,0.5000000000000001
2024-02-27,8.59,73.34,1017.57,12.76,0.0,Clear,2024,2,27,9,1,0,0,3.258000000000001,0.8660254037844386,0.5000000000000001
2024-02-28,17.97,92.71,1006.66,7.12,3.3074999999999997,Rainy,2024,2,28,9,2,0,3,16.511999999999997,0.8660254037844386,0.5000000000000001
2024-02-29,16.11,74.88,1012.1,9.0,0.0,Clear,2024,2,29,9,3,0,0,11.085999999999999,0.8660254037844386,0.5000000000000001
2024-03-01,14.24,94.94,1008.89,10.8,3.3074999999999997,Thunderstorm,2024,3,1,9,4,0,5,13.228,1.0,6.123233995736766e-17
2024-03-02,11.83,87.51,1018.52,12.85,0.0,Cloudy,2024,3,2,9,5,1,1,9.332,1.0,6.123233995736766e-17
2024-03-03,9.67,80.86,1026.36,4.06,0.0,Cloudy,2024,3,3,9,6,1,1,5.842,1.0,6.123233995736766e-17
2024-03-04,11.73,75.6,1007.43,12.45,0.0,Cloudy,2024,3,4,10,0,0,1,6.85,1.0,6.123233995736766e-17
2024-03-05,16.59,73.98,1003.39,8.12,0.93,Rainy,2024,3,5,10,1,0,3,11.386000000000001,1.0,6.123233995736766e-17
2024-03-06,19.32,79.76,1013.35,12.41,0.0,Cloudy,2024,3,6,10,2,0,1,15.272000000000002,1.0,6.123233995736766e-17
2024-03-07,18.42,76.88,1014.33,12.8,3.3074999999999997,Rainy,2024,3,7,10,3,0,3,13.796000000000001,1.0,6.123233995736766e-17
2024-03-08,12.11,74.58,1016.5,18.61,0.0,Clear,2024,3,8,10,4,0,0,7.025999999999999,1.0,6.123233995736766e-17
2024-03-09,10.29,80.14,1012.78,16.59,3.3074999999999997,Rainy,2024,3,9,10,5,1,3,6.318,1.0,6.123233995736766e-17
2024-03-10,14.52,79.62,1013.62,16.54,0.0,Cloudy,2024,3,10,10,6,1,1,10.444,1.0,6.123233995736766e-17
2024-03-11,8.61,61.69,1017.91,17.28,0.0,Clear,2024,3,11,11,0,0,0,0.9479999999999986,1.0,6.123233995736766e-17
2024-03-12,15.5,82.73,1020.92,10.29,0.0,Cloudy,2024,3,12,11,1,0,1,12.046000000000001,1.0,6.123233995736766e-17
2024-03-13,14.2,69.26,1003.14,9.16,0.0,Cloudy,2024,3,13,11,2,0,1,8.052,1.0,6.123233995736766e-17
2024-03-14,13.39,68.09,1012.78,13.37,0.0,Clear,2024,3,14,11,3,0,0,7.008000000000001,1.0,6.123233995736766e-17
2024-03-15,9.98,65.14,1016.79,12.55,0.0,Clear,2024,3,15,11,4,0,0,3.008000000000001,1.0,6.123233995736766e-17
2024-03-16,16.94,59.2,1008.95,7.85,0.0,Clear,2024,3,16,11,5,1,0,8.780000000000001,1.0,6.123233995736766e-17
2024-03-17,13.81,65.78,1025.32,10.83,0.0,Clear,2024,3,17,11,6,1,0,6.966000000000001,1.0,6.123233995736766e-17
2024-03-18,11.98,73.52,1011.39,8.88,0.0,Clear,2024,3,18,12,0,0,0,6.683999999999999,1.0,6.123233995736766e-17
2024-03-19,6.75,98.0,1015.74,6.15,3.3074999999999997,Rainy,2024,3,19,12,1,0,3,6.35,1.0,6.123233995736766e-17
2024-03-20,16.07,72.49,1017.93,16.13,0.0,Clear,2024,3,20,12,2,0,0,10.568,1.0,6.123233995736766e-17
2024-03-21,22.05,75.34,1010.14,9.25,0.0,Cloudy,2024,3,21,12,3,0,1,17.118000000000002,1.0,6.123233995736766e-17
2024-03-22,21.92,77.66,1002.63,22.69,3.3074999999999997,Rainy,2024,3,22,12,4,0,3,17.452,1.0,6.123233995736766e-17
2024-03-23,15.36,79.56,1012.12,4.34,0.0,Cloudy,2024,3,23,12,5,1,1,11.272,1.0,6.123233995736766e-17
2024-03-24,15.12,77.64,1020.91,7.02,0.0,Cloudy,2024,3,24,12,6,1,1,10.648,1.0,6.123233995736766e-17
2024-03-25,18.77,63.91,1012.16,9.16,0.85,Rainy,2024,3,25,13,0,0,3,11.552,1.0,6.123233995736766e-17
2024-03-26,14.31,93.49,1009.77,15.06,1.3,Rainy,2024,3,26,13,1,0,3,13.008,1.0,6.123233995736766e-17
2024-03-27,18.7,93.98,1019.75,10.8,0.0,Cloudy,2024,3,27,13,2,0,1,17.496,1.0,6.123233995736766e-17
2024-03-28,20.41,57.89,1011.95,10.38,0.0,Clear,2024,3,28,13,3,0,0,11.988,1.0,6.123233995736766e-17
2024-03-29,22.12,63.28,1010.62,5.43,0.0,Clear,2024,3,29,13,4,0,0,14.776000000000002,1.0,6.123233995736766e-17
2024-03-30,18.1,73.53,1015.18,5.36,0.0,Clear,2024,3,30,13,5,1,0,12.806000000000001,1.0,6.123233995736766e-17
2024-03-31,18.01,66.75,1018.92,10.43,0.0,Clear,2024,3,31,13,6,1,0,11.360000000000001,1.0,6.123233995736766e-17
2024-04-01,16.08,82.8,1028.88,4.88,3.3074999999999997,Rainy,2024,4,1,14,0,0,3,12.639999999999997,0.8660254037844387,-0.4999999999999998
2024-04-02,16.48,70.18,1019.49,7.1,0.0,Clear,2024,4,2,14,1,0,0,10.516000000000002,0.8660254037844387,-0.4999999999999998
2024-04-03,18.64,97.6,1021.16,11.31,0.0,Cloudy,2024,4,3,14,2,0,1,18.16,0.8660254037844387,-0.4999999999999998
2024-04-04,20.78,86.36,1010.85,5.8,3.3074999999999997,Rainy,2024,4,4,14,3,0,3,18.052,0.8660254037844387,-0.4999999999999998
2024-04-05,22.76,75.19,1007.43,18.59,0.0,Cloudy,2024,4,5,14,4,0,1,17.798000000000002,0.8660254037844387,-0.4999999999999998
2024-04-06,17.51,87.01,1014.75,15.65,0.0,Cloudy,2024,4,6,14,5,1,1,14.912000000000003,0.8660254037844387,-0.4999999999999998
2024-04-07,25.09,82.5,1013.88,4.45,0.0,Cloudy,2024,4,7,14,6,1,1,21.59,0.8660254037844387,-0.4999999999999998
2024-04-08,19.69,69.58,1007.58,5.93,0.0,Cloudy,2024,4,8,15,0,0,1,13.606000000000002,0.8660254037844387,-0.4999999999999998
2024-04-09,20.73,66.33,1012.84,3.23,0.0,Clear,2024,4,9,15,1,0,0,13.996,0.8660254037844387,-0.4999999999999998
2024-04-10,18.65,76.73,1016.6,6.35,3.24,Rainy,2024,4,10,15,2,0,3,13.995999999999999,0.8660254037844387,-0.4999999999999998
2024-04-11,13.52,88.15,1017.13,12.74,0.0,Foggy,2024,4,11,15,3,0,2,11.15,0.8660254037844387,-0.4999999999999998
2024-04-12,24.35,73.35,1016.37,7.49,0.0,Clear,2024,4,12,15,4,0,0,19.02,0.8660254037844387,-0.4999999999999998
2024-04-13,24.12,56.35,1015.13,11.1,0.0,Clear,2024,4,13,15,5,1,0,15.39,0.8660254037844387,-0.4999999999999998
2024-04-14,21.1,66.2,1010.79,4.55,0.0,Clear,2024,4,14,15,6,1,0,14.340000000000002,0.8660254037844387,-0.4999999999999998
2024-04-15,22.46,72.54,1010.55,12.92,3.3074999999999997,Rainy,2024,4,15,16,0,0,3,16.968000000000004,0.8660254037844387,-0.4999999999999998
2024-04-16,24.13,71.35,1006.19,7.03,0.0,Cloudy,2024,4,16,16,1,0,1,18.4,0.8660254037844387,-0.4999999999999998
2024-04-17,17.72,96.32,1025.05,9.07,0.0,Cloudy,2024,4,17,16,2,0,1,16.983999999999998,0.8660254037844387,-0.4999999999999998
2024-04-18,21.27,60.25,1013.89,8.66,0.0,Clear,2024,4,18,16,3,0,0,13.32,0.8660254037844387,-0.4999999999999998
2024-04-19,25.75,76.03,1011.79,5.09,3.3074999999999997,Rainy,2024,4,19,16,4,0,3,20.956,0.8660254037844387,-0.4999999999999998
2024-04-20,19.43,90.29,1008.51,5.37,0.59,Rainy,2024,4,20,16,5,1,3,17.488,0.8660254037844387,-0.4999999999999998
2024-04-21,24.62,94.48,1030.92,13.95,0.0,Cloudy,2024,4,21,16,6,1,1,23.516000000000002,0.8660254037844387,-0.4999999999999998
2024-04-22,19.58,71.25,1007.62,10.8,3.3074999999999997,Rainy,2024,4,22,17,0,0,3,13.829999999999998,0.8660254037844387,-0.4999999999999998
2024-04-23,25.65,75.96,1010.58,14.48,3.3074999999999997,Rainy,2024,4,23,17,1,0,3,20.842,0.8660254037844387,-0.4999999999999998
2024-04-24,24.28,77.7,1015.85,10.44,0.0,Cloudy,2024,4,24,17,2,0,1,19.82,0.8660254037844387,-0.4999999999999998
2024-04-25,19.47,77.33,1017.68,9.62,0.0,Cloudy,2024,4,25,17,3,0,1,14.935999999999998,0.8660254037844387,-0.4999999999999998
2024-04-26,28.6,67.99,1018.46,4.15,0.0,Clear,2024,4,26,17,4,0,0,22.198,0.8660254037844387,-0.4999999999999998
2024-04-27,22.76,77.43,1024.43,7.99,0.0,Cloudy,2024,4,27,17,5,1,1,18.246000000000002,0.8660254037844387,-0.4999999999999998
2024-04-28,22.75,47.75,1016.62,8.91,0.0,Clear,2024,4,28,17,6,1,0,12.3,0.8660254037844387,-0.4999999999999998
2024-04-29,26.22,77.47,1006.73,21.73,0.0,Cloudy,2024,4,29,18,0,0,1,21.714,0.8660254037844387,-0.4999999999999998
2024-04-30,29.48,69.63,1011.04,12.29,0.0,Clear,2024,4,30,18,1,0,0,23.406,0.8660254037844387,-0.4999999999999998
2024-05-01,22.79,70.82,1015.43,18.02,0.0,Clear,2024,5,1,18,2,0,0,16.953999999999997,0.49999999999999994,-0.8660254037844387
2024-05-02,26.47,90.94,1025.44,11.81,0.0,Cloudy,2024,5,2,18,3,0,1,24.657999999999998,0.49999999999999994,-0.8660254037844387
2024-05-03,27.87,62.74,1004.43,6.55,0.0,Cloudy,2024,5,3,18,4,0,1,20.418,0.49999999999999994,-0.8660254037844387
2024-05-04,28.94,64.71,1019.87,9.51,0.0,Clear,2024,5,4,18,5,1,0,21.881999999999998,0.49999999999999994,-0.8660254037844387
2024-05-05,27.52,89.65,1013.95,10.04,0.0,Cloudy,2024,5,5,18,6,1,1,25.45,0.49999999999999994,-0.8660254037844387
2024-05-06,26.0,62.48,1018.13,5.91,0.0,Clear,2024,5,6,19,0,0,0,18.496,0.49999999999999994,-0.8660254037844387
2024-05-07,24.75,66.17,1012.68,7.59,0.0,Clear,2024,5,7,19,1,0,0,17.984,0.49999999999999994,-0.8660254037844387
2024-05-08,27.9,68.0,1007.76,8.23,3.3074999999999997,Rainy,2024,5,8,19,2,0,3,21.5,0.49999999999999994,-0.8660254037844387
2024-05-09,24.41,80.32,1017.84,18.59,0.0,Cloudy,2024,5,9,19,3,0,1,20.474,0.49999999999999994,-0.8660254037844387
2024-05-10,18.71,77.98,1018.12,3.54,0.0,Cloudy,2024,5,10,19,4,0,1,14.306000000000001,0.49999999999999994,-0.8660254037844387
2024-05-11,29.67,55.3,1018.38,15.53,0.0,Clear,2024,5,11,19,5,1,0,20.73,0.49999999999999994,-0.8660254037844387
2024-05-12,31.38,61.71,1012.21,5.92,0.0,Sunny,2024,5,12,19,6,1,4,23.722,0.49999999999999994,-0.8660254037844387
2024-05-13,21.14,68.13,1010.23,4.87,0.0,Clear,2024,5,13,20,0,0,0,14.766,0.49999999999999994,-0.8660254037844387
2024-05-14,25.68,70.25,1003.8,15.35,3.3074999999999997,Rainy,2024,5,14,20,1,0,3,19.73,0.49999999999999994,-0.8660254037844387
2024-05-15,31.1,71.49,1017.25,12.55,0.0,Sunny,2024,5,15,20,2,0,4,25.398,0.49999999999999994,-0.8660254037844387
2024-05-16,35.91,68.05,1014.16,15.87,0.0,Sunny,2024,5,16,20,3,0,4,29.519999999999996,0.49999999999999994,-0.8660254037844387
2024-05-17,29.6,50.52,1006.77,12.94,0.0,Cloudy,2024,5,17,20,4,0,1,19.704,0.49999999999999994,-0.8660254037844387
2024-05-18,27.4,80.46,1009.66,22.8,3.3074999999999997,Thunderstorm,2024,5,18,20,5,1,5,23.491999999999997,0.49999999999999994,-0.8660254037844387
2024-05-19,29.35,70.98,1009.8,11.6,0.0,Clear,2024,5,19,20,6,1,0,23.546000000000003,0.49999999999999994,-0.8660254037844387
2024-05-20,34.53,78.67,1002.92,8.41,2.78,Rainy,2024,5,20,21,0,0,3,30.264000000000003,0.49999999999999994,-0.8660254037844387
2024-05-21,28.26,73.66,1007.85,10.53,3.3074999999999997,Rainy,2024,5,21,21,1,0,3,22.992,0.49999999999999994,-0.8660254037844387
2024-05-22,27.96,80.44,1006.0,15.79,3.3074999999999997,Rainy,2024,5,22,21,2,0,3,24.048000000000002,0.49999999999999994,-0.8660254037844387
2024-05-23,29.16,73.25,1010.15,6.36,3.3074999999999997,Rainy,2024,5,23,21,3,0,3,23.810000000000002,0.49999999999999994,-0.8660254037844387
2024-05-24,27.85,73.59,1008.39,6.73,0.0,Cloudy,2024,5,24,21,4,0,1,22.568,0.49999999999999994,-0.8660254037844387
2024-05-25,31.47,72.19,1002.52,7.85,3.3074999999999997,Rainy,2024,5,25,21,5,1,3,25.907999999999998,0.49999999999999994,-0.8660254037844387
2024-05-26,36.46,62.5,1023.67,3.5,0.0,Sunny,2024,5,26,21,6,1,4,28.96,0.49999999999999994,-0.8660254037844387
2024-05-27,32.48,88.99,1019.64,9.6,0.0,Cloudy,2024,5,27,22,0,0,1,30.277999999999995,0.49999999999999994,-0.8660254037844387
2024-05-28,30.81,76.32,1007.7,3.86,3.3074999999999997,Rainy,2024,5,28,22,1,0,3,26.073999999999998,0.49999999999999994,-0.8660254037844387
2024-05-29,30.86,73.14,1014.01,9.24,2.46,Rainy,2024,5,29,22,2,0,3,25.488,0.49999999999999994,-0.8660254037844387
2024-05-30,26.96,57.36,1015.46,13.32,0.0,Clear,2024,5,30,22,3,0,0,18.432000000000002,0.49999999999999994,-0.8660254037844387
2024-05-31,34.96,51.64,1018.9,7.28,0.0,Sunny,2024,5,31,22,4,0,4,25.288,0.49999999999999994,-0.8660254037844387
2024-06-01,32.05,69.49,1007.28,19.2,0.0,Cloudy,2024,6,1,22,5,1,1,25.947999999999997,1.2246467991473532e-16,-1.0
2024-06-02,31.88,68.14,1018.77,4.68,0.0,Sunny,2024,6,2,22,6,1,4,25.508,1.2246467991473532e-16,-1.0
2024-06-03,42.83,52.88,1007.29,15.43,0.0,Cloudy,2024,6,3,23,0,0,1,33.406,1.2246467991473532e-16,-1.0
2024-06-04,33.73,66.8,1003.93,12.23,0.0,Cloudy,2024,6,4,23,1,0,1,27.089999999999996,1.2246467991473532e-16,-1.0
2024-06-05,30.52,83.52,1016.77,4.17,0.0,Cloudy,2024,6,5,23,2,0,1,27.224,1.2246467991473532e-16,-1.0
2024-06-06,31.71,73.76,1019.99,26.843750000000004,2.32,Rainy,2024,6,6,23,3,0,3,26.462000000000003,1.2246467991473532e-16,-1.0
2024-06-07,36.89,51.77,1026.99,8.77,0.0,Sunny,2024,6,7,23,4,0,4,27.244,1.2246467991473532e-16,-1.0
2024-06-08,33.72,64.28,1004.74,6.08,0.0,Cloudy,2024,6,8,23,5,1,1,26.576,1.2246467991473532e-16,-1.0
2024-06-09,28.9,60.72,1016.86,4.79,3.3074999999999997,Rainy,2024,6,9,23,6,1,3,21.043999999999997,1.2246467991473532e-16,-1.0
2024-06-10,36.58,59.52,1009.05,8.17,0.0,Sunny,2024,6,10,24,0,0,4,28.483999999999998,1.2246467991473532e-16,-1.0
2024-06-11,31.63,62.72,1016.96,8.52,0.0,Sunny,2024,6,11,24,1,0,4,24.174,1.2246467991473532e-16,-1.0
2024-06-12,39.89,56.3,1002.19,9.45,0.0,Cloudy,2024,6,12,24,2,0,1,31.15,1.2246467991473532e-16,-1.0
2024-06-13,37.48,50.21,1003.8,7.89,0.0,Cloudy,2024,6,13,24,3,0,1,27.522,1.2246467991473532e-16,-1.0
2024-06-14,32.71,64.83,1007.44,12.0,3.3074999999999997,Rainy,2024,6,14,24,4,0,3,25.676000000000002,1.2246467991473532e-16,-1.0
2024-06-15,38.36,56.54,1011.72,7.58,0.0,Sunny,2024,6,15,24,5,1,4,29.668,1.2246467991473532e-16,-1.0
2024-06-16,34.59,35.49,1007.97,3.78,0.0,Cloudy,2024,6,16,24,6,1,1,21.688000000000006,1.2246467991473532e-16,-1.0
2024-06-17,37.22,83.48,1015.37,8.44,1.93,Rainy,2024,6,17,25,0,0,3,33.916,1.2246467991473532e-16,-1.0
2024-06-18,36.15,74.58,1017.74,3.11,0.0,Sunny,2024,6,18,25,1,0,4,31.066,1.2246467991473532e-16,-1.0
2024-06-19,31.99,62.84,1015.8,10.58,3.3074999999999997,Rainy,2024,6,19,25,2,0,3,24.558,1.2246467991473532e-16,-1.0
2024-06-20,32.74,66.27,1021.8,5.81,0.0,Sunny,2024,6,20,25,3,0,4,25.994,1.2246467991473532e-16,-1.0
2024-06-21,38.19,50.55,1013.77,9.71,0.0,Sunny,2024,6,21,25,4,0,4,28.299999999999997,1.2246467991473532e-16,-1.0
2024-06-22,33.91,73.59,1004.61,16.3,3.3074999999999997,Rainy,2024,6,22,25,5,1,3,28.627999999999997,1.2246467991473532e-16,-1.0
2024-06-23,33.78,84.33,1020.11,5.89,0.0,Cloudy,2024,6,23,25,6,1,1,30.646,1.2246467991473532e-16,-1.0
2024-06-24,32.1,68.1,1008.55,14.55,3.3074999999999997,Thunderstorm,2024,6,24,26,0,0,5,25.72,1.2246467991473532e-16,-1.0
2024-06-25,36.59,73.62,1016.97,7.43,0.0,Sunny,2024,6,25,26,1,0,4,31.314000000000004,1.2246467991473532e-16,-1.0
2024-06-26,41.91,61.42,1020.16,19.86,0.0,Sunny,2024,6,26,26,2,0,4,34.193999999999996,1.2246467991473532e-16,-1.0
2024-06-27,31.97,53.25,1014.94,7.66,0.0,Sunny,2024,6,27,26,3,0,4,22.619999999999997,1.2246467991473532e-16,-1.0
2024-06-28,35.53,60.01,1002.69,6.18,0.0,Cloudy,2024,6,28,26,4,0,1,27.532,1.2246467991473532e-16,-1.0
2024-06-29,40.04,62.29,1005.48,12.3,0.0,Cloudy,2024,6,29,26,5,1,1,32.498,1.2246467991473532e-16,-1.0
2024-06-30,35.33,59.72,1019.64,7.42,0.0,Sunny,2024,6,30,26,6,1,4,27.273999999999997,1.2246467991473532e-16,-1.0
2024-07-01,37.08,60.86,1010.42,6.18,0.0,Sunny,2024,7,1,27,0,0,4,29.252,-0.4999999999999997,-0.8660254037844388
2024-07-02,32.29,65.48,1012.63,7.28,0.0,Sunny,2024,7,2,27,1,0,4,25.386,-0.4999999999999997,-0.8660254037844388
2024-07-03,37.11,62.21,1015.99,8.85,0.0,Sunny,2024,7,3,27,2,0,4,29.552,-0.4999999999999997,-0.8660254037844388
2024-07-04,35.18,64.9,1015.9,16.51,0.0,Sunny,2024,7,4,27,3,0,4,28.16,-0.4999999999999997,-0.8660254037844388
2024-07-05,38.98,51.11,1012.83,3.78,0.0,Sunny,2024,7,5,27,4,0,4,29.201999999999998,-0.4999999999999997,-0.8660254037844388
2024-07-06,39.66,54.07,1009.8,9.12,0.0,Sunny,2024,7,6,27,5,1,4,30.473999999999997,-0.4999999999999997,-0.8660254037844388
2024-07-07,44.18,45.23,1008.5,11.96,0.0,Sunny,2024,7,7,27,6,1,4,33.226,-0.4999999999999997,-0.8660254037844388
2024-07-08,37.77,72.34,1016.48,9.85,3.3074999999999997,Rainy,2024,7,8,28,0,0,3,32.23800000000001,-0.4999999999999997,-0.8660254037844388
2024-07-09,36.99,42.05,1014.77,16.27,0.0,Sunny,2024,7,9,28,1,0,4,25.400000000000002,-0.4999999999999997,-0.8660254037844388
2024-07-10,36.58,74.93,1009.97,8.73,3.3074999999999997,Thunderstorm,2024,7,10,28,2,0,5,31.566,-0.4999999999999997,-0.8660254037844388
2024-07-11,34.85,78.47,1018.27,8.31,0.0,Cloudy,2024,7,11,28,3,0,1,30.544,-0.4999999999999997,-0.8660254037844388
2024-07-12,37.07,60.03,1010.67,11.78,0.0,Sunny,2024,7,12,28,4,0,4,29.076,-0.4999999999999997,-0.8660254037844388
2024-07-13,35.05,38.43,1006.63,9.44,3.3074999999999997,Rainy,2024,7,13,28,5,1,3,22.735999999999997,-0.4999999999999997,-0.8660254037844388
2024-07-14,36.54,59.81,1006.97,7.57,3.3074999999999997,Rainy,2024,7,14,28,6,1,3,28.502,-0.4999999999999997,-0.8660254037844388
2024-07-15,40.22,60.2,1005.09,11.38,0.0,Cloudy,2024,7,15,29,0,0,1,32.26,-0.4999999999999997,-0.8660254037844388
2024-07-16,32.77,55.96,1010.45,6.73,0.0,Sunny,2024,7,16,29,1,0,4,23.962000000000003,-0.4999999999999997,-0.8660254037844388
2024-07-17,39.63,56.11,1018.46,6.85,0.0,Sunny,2024,7,17,29,2,0,4,30.852000000000004,-0.4999999999999997,-0.8660254037844388
2024-07-18,40.19,76.17,1006.14,7.12,0.0,Cloudy,2024,7,18,29,3,0,1,35.424,-0.4999999999999997,-0.8660254037844388
2024-07-19,35.58,70.74,1012.79,16.59,3.3074999999999997,Rainy,2024,7,19,29,4,0,3,29.727999999999998,-0.4999999999999997,-0.8660254037844388
2024-07-20,29.14,59.36,1008.69,2.12,0.0,Clear,2024,7,20,29,5,1,0,21.012,-0.4999999999999997,-0.8660254037844388
2024-07-21,33.96,49.25,1010.34,10.78,3.3074999999999997,Rainy,2024,7,21,29,6,1,3,23.810000000000002,-0.4999999999999997,-0.8660254037844388
2024-07-22,40.03,57.71,1001.94,9.17,0.0,Cloudy,2024,7,22,30,0,0,1,31.572000000000003,-0.4999999999999997,-0.8660254037844388
2024-07-23,35.77,61.83,1010.31,4.24,0.0,Sunny,2024,7,23,30,1,0,4,28.136000000000003,-0.4999999999999997,-0.8660254037844388
2024-07-24,32.61,71.13,1010.95,10.37,0.0,Sunny,2024,7,24,30,2,0,4,26.836,-0.4999999999999997,-0.8660254037844388
2024-07-25,34.15,59.74,1015.12,11.18,0.0,Sunny,2024,7,25,30,3,0,4,26.098,-0.4999999999999997,-0.8660254037844388
2024-07-26,38.4,67.23,1012.58,11.77,0.0,Sunny,2024,7,26,30,4,0,4,31.846,-0.4999999999999997,-0.8660254037844388
2024-07-27,37.41,82.16,1004.2,2.74,0.0,Cloudy,2024,7,27,30,5,1,1,33.842,-0.4999999999999997,-0.8660254037844388
2024-07-28,34.85,72.76,1018.28,16.69,0.0,Sunny,2024,7,28,30,6,1,4,29.402,-0.4999999999999997,-0.8660254037844388
2024-07-29,34.38,64.45,1013.1,6.48,0.0,Sunny,2024,7,29,31,0,0,4,27.270000000000003,-0.4999999999999997,-0.8660254037844388
2024-07-30,34.23,63.21,1013.06,12.29,0.0,Sunny,2024,7,30,31,1,0,4,26.871999999999996,-0.4999999999999997,-0.8660254037844388
2024-07-31,32.47,62.7,1012.07,12.6,0.0,Sunny,2024,7,31,31,2,0,4,25.009999999999998,-0.4999999999999997,-0.8660254037844388
2024-08-01,40.52,72.44,1007.82,6.08,2.46,Rainy,2024,8,1,31,3,0,3,35.008,-0.8660254037844385,-0.5000000000000004
2024-08-02,34.25,58.75,1013.17,12.15,0.0,Sunny,2024,8,2,31,4,0,4,26.0,-0.8660254037844385,-0.5000000000000004
2024-08-03,39.09,62.09,1013.99,7.59,0.0,Sunny,2024,8,3,31,5,1,4,31.508000000000003,-0.8660254037844385,-0.5000000000000004
2024-08-04,39.98,61.53,1000.52,3.55,0.0,Cloudy,2024,8,4,31,6,1,1,32.285999999999994,-0.8660254037844385,-0.5000000000000004
2024-08-05,38.22,57.23,1008.03,15.26,3.3074999999999997,Rainy,2024,8,5,32,0,0,3,29.665999999999997,-0.8660254037844385,-0.5000000000000004
2024-08-06,33.56,51.78,1010.44,6.37,3.3074999999999997,Rainy,2024,8,6,32,1,0,3,23.916000000000004,-0.8660254037844385,-0.5000000000000004
2024-08-07,36.14,66.93,1013.12,6.14,0.0,Sunny,2024,8,7,32,2,0,4,29.526000000000003,-0.8660254037844385,-0.5000000000000004
2024-08-08,34.67,64.12,1018.96,7.53,0.0,Sunny,2024,8,8,32,3,0,4,27.494000000000003,-0.8660254037844385,-0.5000000000000004
2024-08-09,31.76,71.77,1007.61,10.2,3.3074999999999997,Rainy,2024,8,9,32,4,0,3,26.114,-0.8660254037844385,-0.5000000000000004
2024-08-10,35.58,58.76,1008.68,8.8,0.0,Sunny,2024,8,10,32,5,1,4,27.331999999999997,-0.8660254037844385,-0.5000000000000004
2024-08-11,30.66,79.75,1009.33,11.55,3.3074999999999997,Rainy,2024,8,11,32,6,1,3,26.61,-0.8660254037844385,-0.5000000000000004
2024-08-12,38.12,53.55,1006.47,4.94,0.0,Cloudy,2024,8,12,33,0,0,1,28.83,-0.8660254037844385,-0.5000000000000004
2024-08-13,32.72,83.22,1010.01,6.46,2.86,Rainy,2024,8,13,33,1,0,3,29.363999999999997,-0.8660254037844385,-0.5000000000000004
2024-08-14,34.73,47.21,1016.42,8.57,0.0,Sunny,2024,8,14,33,2,0,4,24.171999999999997,-0.8660254037844385,-0.5000000000000004
2024-08-15,34.87,68.94,1005.45,21.2,0.0,Cloudy,2024,8,15,33,3,0,1,28.657999999999998,-0.8660254037844385,-0.5000000000000004
2024-08-16,33.0,70.65,1014.62,8.57,0.0,Sunny,2024,8,16,33,4,0,4,27.130000000000003,-0.8660254037844385,-0.5000000000000004
2024-08-17,35.58,56.14,1001.45,14.71,0.0,Cloudy,2024,8,17,33,5,1,1,26.808,-0.8660254037844385,-0.5000000000000004
2024-08-18,32.05,70.81,1008.82,9.18,0.0,Sunny,2024,8,18,33,6,1,4,26.211999999999996,-0.8660254037844385,-0.5000000000000004
2024-08-19,36.22,76.44,1009.59,7.26,3.3074999999999997,Rainy,2024,8,19,34,0,0,3,31.508,-0.8660254037844385,-0.5000000000000004
2024-08-20,28.98,46.55,1022.7,8.08,3.3074999999999997,Rainy,2024,8,20,34,1,0,3,18.29,-0.8660254037844385,-0.5000000000000004
2024-08-21,33.55,70.54,1010.32,8.37,0.0,Sunny,2024,8,21,34,2,0,4,27.657999999999998,-0.8660254037844385,-0.5000000000000004
2024-08-22,39.2,36.63,997.91,11.84,0.0,Cloudy,2024,8,22,34,3,0,1,26.526000000000003,-0.8660254037844385,-0.5000000000000004
2024-08-23,29.65,58.59,1000.56,16.75,0.0,Cloudy,2024,8,23,34,4,0,1,21.368,-0.8660254037844385,-0.5000000000000004
2024-08-24,30.53,83.92,1012.62,10.61,0.0,Cloudy,2024,8,24,34,5,1,1,27.314,-0.8660254037844385,-0.5000000000000004
2024-08-25,34.18,59.26,1015.56,15.4,0.0,Sunny,2024,8,25,34,6,1,4,26.032,-0.8660254037844385,-0.5000000000000004
2024-08-26,32.95,54.2,1014.31,5.85,0.0,Sunny,2024,8,26,35,0,0,4,23.790000000000003,-0.8660254037844385,-0.5000000000000004
2024-08-27,33.34,63.68,1013.0,7.49,0.0,Sunny,2024,8,27,35,1,0,4,26.076000000000004,-0.8660254037844385,-0.5000000000000004
2024-08-28,33.61,86.15,1018.93,6.51,0.0,Cloudy,2024,8,28,35,2,0,1,30.84,-0.8660254037844385,-0.5000000000000004
2024-08-29,33.91,46.95,1008.68,10.4,0.0,Sunny,2024,8,29,35,3,0,4,23.299999999999997,-0.8660254037844385,-0.5000000000000004
2024-08-30,35.26,53.8,1013.56,7.68,0.0,Sunny,2024,8,30,35,4,0,4,26.019999999999996,-0.8660254037844385,-0.5000000000000004
2024-08-31,32.84,80.99,1002.28,12.53,0.0,Cloudy,2024,8,31,35,5,1,1,29.038000000000004,-0.8660254037844385,-0.5000000000000004
2024-09-01,30.58,86.17,1006.98,5.94,2.8,Rainy,2024,9,1,35,6,1,3,27.814,-1.0,-1.8369701987210297e-16
2024-09-02,33.32,64.64,1001.16,9.2,0.0,Cloudy,2024,9,2,36,0,0,1,26.248,-1.0,-1.8369701987210297e-16
2024-09-03,37.07,50.66,1009.79,12.29,0.0,Sunny,2024,9,3,36,1,0,4,27.201999999999998,-1.0,-1.8369701987210297e-16
2024-09-04,30.38,88.69,1012.17,3.56,0.0,Cloudy,2024,9,4,36,2,0,1,28.118,-1.0,-1.8369701987210297e-16
2024-09-05,27.5,85.69,1013.56,23.45,0.0,Cloudy,2024,9,5,36,3,0,1,24.637999999999998,-1.0,-1.8369701987210297e-16
2024-09-06,33.97,72.01,1012.28,7.95,3.3074999999999997,Rainy,2024,9,6,36,4,0,3,28.372,-1.0,-1.8369701987210297e-16
2024-09-07,29.84,59.99,1006.96,3.63,0.0,Cloudy,2024,9,7,36,5,1,1,21.838,-1.0,-1.8369701987210297e-16
2024-09-08,23.08,72.35,1012.4,9.69,3.3074999999999997,Rainy,2024,9,8,36,6,1,3,17.549999999999997,-1.0,-1.8369701987210297e-16
2024-09-09,32.55,64.61,1003.13,9.16,0.0,Cloudy,2024,9,9,37,0,0,1,25.471999999999998,-1.0,-1.8369701987210297e-16
2024-09-10,27.92,72.76,1020.99,8.7,0.0,Clear,2024,9,10,37,1,0,0,22.472,-1.0,-1.8369701987210297e-16
2024-09-11,29.14,83.11,1010.81,14.1,1.22,Rainy,2024,9,11,37,2,0,3,25.762,-1.0,-1.8369701987210297e-16
2024-09-12,30.29,76.59,1009.52,12.63,0.0,Cloudy,2024,9,12,37,3,0,1,25.608,-1.0,-1.8369701987210297e-16
2024-09-13,29.63,57.49,1022.09,10.32,0.0,Clear,2024,9,13,37,4,0,0,21.128,-1.0,-1.8369701987210297e-16
2024-09-14,31.08,81.01,1004.88,11.05,3.3074999999999997,Rainy,2024,9,14,37,5,1,3,27.282,-1.0,-1.8369701987210297e-16
2024-09-15,27.2,73.09,1006.17,8.61,3.3074999999999997,Rainy,2024,9,15,37,6,1,3,21.817999999999998,-1.0,-1.8369701987210297e-16
2024-09-16,30.02,74.86,1005.92,20.06,0.0,Cloudy,2024,9,16,38,0,0,1,24.991999999999997,-1.0,-1.8369701987210297e-16
2024-09-17,27.34,84.53,1012.49,4.64,3.3074999999999997,Rainy,2024,9,17,38,1,0,3,24.246,-1.0,-1.8369701987210297e-16
2024-09-18,30.31,56.67,1015.04,9.61,0.0,Sunny,2024,9,18,38,2,0,4,21.644,-1.0,-1.8369701987210297e-16
2024-09-19,29.7,67.85,1016.98,9.29,0.0,Clear,2024,9,19,38,3,0,0,23.269999999999996,-1.0,-1.8369701987210297e-16
2024-09-20,24.52,66.52,1028.75,13.01,0.0,Clear,2024,9,20,38,4,0,0,17.823999999999998,-1.0,-1.8369701987210297e-16
2024-09-21,30.76,51.79,998.89,6.17,0.0,Cloudy,2024,9,21,38,5,1,1,21.118000000000002,-1.0,-1.8369701987210297e-16
2024-09-22,25.35,74.72,1016.85,4.12,3.3074999999999997,Rainy,2024,9,22,38,6,1,3,20.294,-1.0,-1.8369701987210297e-16
2024-09-23,29.42,93.52,1009.24,9.68,1.19,Rainy,2024,9,23,39,0,0,3,28.124000000000002,-1.0,-1.8369701987210297e-16
2024-09-24,27.79,51.15,1009.31,10.24,0.0,Clear,2024,9,24,39,1,0,0,18.02,-1.0,-1.8369701987210297e-16
2024-09-25,32.27,66.09,1008.44,17.64,0.0,Sunny,2024,9,25,39,2,0,4,25.488000000000003,-1.0,-1.8369701987210297e-16
2024-09-26,25.44,77.6,1007.73,5.1,0.0,Cloudy,2024,9,26,39,3,0,1,20.96,-1.0,-1.8369701987210297e-16
2024-09-27,24.81,72.86,1023.39,15.17,0.0,Clear,2024,9,27,39,4,0,0,19.381999999999998,-1.0,-1.8369701987210297e-16
2024-09-28,25.63,69.93,1018.21,26.19,0.0,Clear,2024,9,28,39,5,1,0,19.616,-1.0,-1.8369701987210297e-16
2024-09-29,24.49,58.86,1013.47,7.61,0.0,Clear,2024,9,29,39,6,1,0,16.262,-1.0,-1.8369701987210297e-16
2024-09-30,27.78,71.88,1020.94,5.05,0.0,Clear,2024,9,30,40,0,0,0,22.156,-1.0,-1.8369701987210297e-16
2024-10-01,19.82,67.56,1004.95,7.51,0.0,Cloudy,2024,10,1,40,1,0,1,13.332,-0.8660254037844386,0.5000000000000001
2024-10-02,21.38,52.13,1005.81,9.08,0.0,Cloudy,2024,10,2,40,2,0,1,11.806,-0.8660254037844386,0.5000000000000001
2024-10-03,21.1,86.18,1000.77,11.63,0.0,Cloudy,2024,10,3,40,3,0,1,18.336000000000002,-0.8660254037844386,0.5000000000000001
2024-10-04,27.32,79.46,1008.71,6.92,3.3074999999999997,Thunderstorm,2024,10,4,40,4,0,5,23.212,-0.8660254037844386,0.5000000000000001
2024-10-05,29.52,68.85,1013.54,18.17,0.0,Clear,2024,10,5,40,5,1,0,23.29,-0.8660254037844386,0.5000000000000001
2024-10-06,23.47,74.86,1014.1,5.47,0.0,Clear,2024,10,6,40,6,1,0,18.442,-0.8660254037844386,0.5000000000000001
2024-10-07,23.02,83.63,1014.44,4.13,0.0,Cloudy,2024,10,7,41,0,0,1,19.746,-0.8660254037844386,0.5000000000000001
2024-10-08,23.55,74.76,1005.0,14.85,3.3074999999999997,Rainy,2024,10,8,41,1,0,3,18.502000000000002,-0.8660254037844386,0.5000000000000001
2024-10-09,26.8,79.28,1017.8,3.24,0.0,Cloudy,2024,10,9,41,2,0,1,22.656,-0.8660254037844386,0.5000000000000001
2024-10-10,19.88,72.11,1015.46,8.23,3.3074999999999997,Rainy,2024,10,10,41,3,0,3,14.302,-0.8660254037844386,0.5000000000000001
2024-10-11,23.37,85.76,1017.89,26.843750000000004,0.0,Cloudy,2024,10,11,41,4,0,1,20.522000000000002,-0.8660254037844386,0.5000000000000001
2024-10-12,25.48,74.37,1001.82,8.98,3.3074999999999997,Rainy,2024,10,12,41,5,1,3,20.354,-0.8660254037844386,0.5000000000000001
2024-10-13,23.72,74.34,1015.31,5.45,0.0,Clear,2024,10,13,41,6,1,0,18.588,-0.8660254037844386,0.5000000000000001
2024-10-14,22.49,60.56,1006.5,8.79,0.0,Cloudy,2024,10,14,42,0,0,1,14.601999999999999,-0.8660254037844386,0.5000000000000001
2024-10-15,24.84,74.48,1010.89,8.82,3.3074999999999997,Rainy,2024,10,15,42,1,0,3,19.736,-0.8660254037844386,0.5000000000000001
2024-10-16,12.75,71.76,1018.29,9.7,0.0,Clear,2024,10,16,42,2,0,0,7.102000000000001,-0.8660254037844386,0.5000000000000001
2024-10-17,23.33,66.29,1014.05,12.16,0.0,Clear,2024,10,17,42,3,0,0,16.588,-0.8660254037844386,0.5000000000000001
2024-10-18,18.82,67.67,1009.07,5.65,0.0,Clear,2024,10,18,42,4,0,0,12.354000000000001,-0.8660254037844386,0.5000000000000001
2024-10-19,14.82,67.96,1014.81,19.29,0.0,Clear,2024,10,19,42,5,1,0,8.411999999999999,-0.8660254037844386,0.5000000000000001
2024-10-20,22.07,94.8,1004.5,10.08,0.0,Cloudy,2024,10,20,42,6,1,1,21.03,-0.8660254037844386,0.5000000000000001
2024-10-21,24.59,85.1,1020.21,12.52,0.0,Cloudy,2024,10,21,43,0,0,1,21.61,-0.8660254037844386,0.5000000000000001
2024-10-22,19.52,94.54,1012.84,6.8,0.0,Cloudy,2024,10,22,43,1,0,1,18.428,-0.8660254037844386,0.5000000000000001
2024-10-23,22.77,60.83,1020.3,16.1,0.0,Clear,2024,10,23,43,2,0,0,14.936,-0.8660254037844386,0.5000000000000001
2024-10-24,24.64,72.46,1010.14,8.04,3.3074999999999997,Rainy,2024,10,24,43,3,0,3,19.131999999999998,-0.8660254037844386,0.5000000000000001
2024-10-25,23.45,59.65,1010.34,10.23,0.0,Clear,2024,10,25,43,4,0,0,15.379999999999999,-0.8660254037844386,0.5000000000000001
2024-10-26,24.26,65.06,1008.78,5.93,0.0,Clear,2024,10,26,43,5,1,0,17.272000000000002,-0.8660254037844386,0.5000000000000001
2024-10-27,21.15,65.01,1019.08,5.76,3.3074999999999997,Thunderstorm,2024,10,27,43,6,1,5,14.152,-0.8660254037844386,0.5000000000000001
2024-10-28,18.78,88.25,1009.93,12.3,0.0,Cloudy,2024,10,28,44,0,0,1,16.43,-0.8660254037844386,0.5000000000000001
2024-10-29,13.18,75.81,1018.89,7.39,0.0,Cloudy,2024,10,29,44,1,0,1,8.342,-0.8660254037844386,0.5000000000000001
2024-10-30,17.29,87.58,1012.11,6.15,3.3074999999999997,Rainy,2024,10,30,44,2,0,3,14.806,-0.8660254037844386,0.5000000000000001
2024-10-31,15.15,84.44,1002.87,6.76,3.3074999999999997,Rainy,2024,10,31,44,3,0,3,12.038,-0.8660254037844386,0.5000000000000001
2024-11-01,24.56,94.84,1009.89,12.36,3.3074999999999997,Thunderstorm,2024,11,1,44,4,0,5,23.528,-0.5000000000000004,0.8660254037844384
2024-11-02,16.83,62.42,1007.4,6.8,0.0,Cloudy,2024,11,2,44,5,1,1,9.313999999999998,-0.5000000000000004,0.8660254037844384
2024-11-03,17.56,89.3,1014.57,8.56,0.0,Cloudy,2024,11,3,44,6,1,1,15.419999999999998,-0.5000000000000004,0.8660254037844384
2024-11-04,18.7,87.37,1007.05,9.09,3.3,Rainy,2024,11,4,45,0,0,3,16.174,-0.5000000000000004,0.8660254037844384
2024-11-05,16.85,67.47,1020.03,3.81,0.0,Clear,2024,11,5,45,1,0,0,10.344000000000001,-0.5000000000000004,0.8660254037844384
2024-11-06,21.91,83.73,1013.17,4.66,3.3074999999999997,Rainy,2024,11,6,45,2,0,3,18.656000000000002,-0.5000000000000004,0.8660254037844384
2024-11-07,14.28,82.37,1013.79,10.5,0.0,Cloudy,2024,11,7,45,3,0,1,10.754000000000001,-0.5000000000000004,0.8660254037844384
2024-11-08,16.67,75.06,1013.56,6.48,0.0,Cloudy,2024,11,8,45,4,0,1,11.682000000000002,-0.5000000000000004,0.8660254037844384
2024-11-09,13.46,71.34,1020.76,14.52,0.0,Clear,2024,11,9,45,5,1,0,7.7280000000000015,-0.5000000000000004,0.8660254037844384
2024-11-10,11.39,73.84,1015.17,13.94,0.0,Clear,2024,11,10,45,6,1,0,6.158000000000001,-0.5000000000000004,0.8660254037844384
2024-11-11,13.45,98.0,1010.36,12.47,3.3074999999999997,Rainy,2024,11,11,46,0,0,3,13.049999999999999,-0.5000000000000004,0.8660254037844384
2024-11-12,15.07,78.46,1004.1,20.47,3.3074999999999997,Rainy,2024,11,12,46,1,0,3,10.761999999999999,-0.5000000000000004,0.8660254037844384
2024-11-13,13.61,87.29,1013.56,8.69,0.0,Cloudy,2024,11,13,46,2,0,1,11.068000000000001,-0.5000000000000004,0.8660254037844384
2024-11-14,12.56,72.3,1011.41,12.09,0.0,Clear,2024,11,14,46,3,0,0,7.02,-0.5000000000000004,0.8660254037844384
2024-11-15,10.07,74.15,1016.13,6.94,0.0,Clear,2024,11,15,46,4,0,0,4.900000000000001,-0.5000000000000004,0.8660254037844384
2024-11-16,14.1,89.95,1012.81,26.843750000000004,0.0,Foggy,2024,11,16,46,5,1,2,12.09,-0.5000000000000004,0.8660254037844384
2024-11-17,9.35,68.96,1019.73,22.04,0.0,Clear,2024,11,17,46,6,1,0,3.1419999999999986,-0.5000000000000004,0.8660254037844384
2024-11-18,16.4,73.37,1010.86,9.07,0.0,Clear,2024,11,18,47,0,0,0,11.074,-0.5000000000000004,0.8660254037844384
2024-11-19,14.03,79.52,1014.55,10.74,0.0,Cloudy,2024,11,19,47,1,0,1,9.933999999999997,-0.5000000000000004,0.8660254037844384
2024-11-20,8.91,83.88,1022.77,16.64,0.0,Cloudy,2024,11,20,47,2,0,1,5.685999999999999,-0.5000000000000004,0.8660254037844384
2024-11-21,12.4,78.53,1017.19,8.45,3.3074999999999997,Rainy,2024,11,21,47,3,0,3,8.106000000000002,-0.5000000000000004,0.8660254037844384
2024-11-22,10.79,85.41,1015.02,6.72,0.0,Cloudy,2024,11,22,47,4,0,1,7.871999999999998,-0.5000000000000004,0.8660254037844384
2024-11-23,14.03,86.11,1011.28,13.37,3.3074999999999997,Thunderstorm,2024,11,23,47,5,1,5,11.251999999999999,-0.5000000000000004,0.8660254037844384
2024-11-24,17.12,84.36,1010.63,9.35,3.3074999999999997,Rainy,2024,11,24,47,6,1,3,13.992,-0.5000000000000004,0.8660254037844384
2024-11-25,6.65,74.49,1010.9,9.8,3.3074999999999997,Rainy,2024,11,25,48,0,0,3,1.5479999999999992,-0.5000000000000004,0.8660254037844384
2024-11-26,12.84,77.17,1011.83,6.2,3.3074999999999997,Rainy,2024,11,26,48,1,0,3,8.274000000000001,-0.5000000000000004,0.8660254037844384
2024-11-27,11.78,92.7,1019.77,4.17,0.0,Foggy,2024,11,27,48,2,0,2,10.32,-0.5000000000000004,0.8660254037844384
2024-11-28,14.27,87.96,1013.53,10.04,0.0,Cloudy,2024,11,28,48,3,0,1,11.861999999999998,-0.5000000000000004,0.8660254037844384
2024-11-29,12.63,66.43,1007.01,13.56,0.0,Cloudy,2024,11,29,48,4,0,1,5.916000000000002,-0.5000000000000004,0.8660254037844384
2024-11-30,9.38,85.95,1026.2,8.15,0.0,Cloudy,2024,11,30,48,5,1,1,6.570000000000001,-0.5000000000000004,0.8660254037844384
2024-12-01,10.6,61.8,1017.33,17.23,0.0,Clear,2024,12,1,48,6,1,0,2.959999999999999,-2.4492935982947064e-16,1.0
2024-12-02,8.92,83.23,1007.22,6.57,0.0,Cloudy,2024,12,2,49,0,0,1,5.566000000000001,-2.4492935982947064e-16,1.0
2024-12-03,14.75,97.65,1012.14,5.61,1.95,Rainy,2024,12,3,49,1,0,3,14.280000000000001,-2.4492935982947064e-16,1.0
2024-12-04,11.22,71.67,1015.98,8.76,0.0,Clear,2024,12,4,49,2,0,0,5.554000000000001,-2.4492935982947064e-16,1.0
2024-12-05,17.08,68.7,1024.67,8.7,0.0,Clear,2024,12,5,49,3,0,0,10.819999999999999,-2.4492935982947064e-16,1.0
2024-12-06,10.66,89.18,1008.75,12.76,3.3074999999999997,Rainy,2024,12,6,49,4,0,3,8.496000000000002,-2.4492935982947064e-16,1.0
2024-12-07,8.44,67.66,1021.59,6.37,0.0,Clear,2024,12,7,49,5,1,0,1.9719999999999986,-2.4492935982947064e-16,1.0
2024-12-08,5.72,78.67,1024.54,16.7,0.0,Cloudy,2024,12,8,49,6,1,1,1.4539999999999997,-2.4492935982947064e-16,1.0
2024-12-09,4.66,91.7,1012.53,21.87,3.3074999999999997,Rainy,2024,12,9,50,0,0,3,3.000000000000001,-2.4492935982947064e-16,1.0
2024-12-10,5.23,79.0,1014.55,8.87,3.3074999999999997,Rainy,2024,12,10,50,1,0,3,1.0300000000000002,-2.4492935982947064e-16,1.0
2024-12-11,11.02,78.93,1009.13,15.84,2.7,Rainy,2024,12,11,50,2,0,3,6.806000000000001,-2.4492935982947064e-16,1.0
2024-12-12,11.67,88.27,1014.03,5.61,0.0,Foggy,2024,12,12,50,3,0,2,9.323999999999998,-2.4492935982947064e-16,1.0
2024-12-13,4.86,89.81,1016.05,14.64,0.0,Foggy,2024,12,13,50,4,0,2,2.822000000000001,-2.4492935982947064e-16,1.0
2024-12-14,12.66,82.81,1019.06,14.46,0.0,Cloudy,2024,12,14,50,5,1,1,9.222000000000001,-2.4492935982947064e-16,1.0
2024-12-15,8.13,79.92,1022.32,13.31,0.0,Cloudy,2024,12,15,50,6,1,1,4.114000000000001,-2.4492935982947064e-16,1.0
2024-12-16,10.04,85.67,1011.01,8.96,0.0,Cloudy,2024,12,16,51,0,0,1,7.1739999999999995,-2.4492935982947064e-16,1.0
2024-12-17,14.62,77.53,1003.0,2.39,3.3074999999999997,Thunderstorm,2024,12,17,51,1,0,5,10.126,-2.4492935982947064e-16,1.0
2024-12-18,12.22,85.02,1015.04,6.76,0.63,Rainy,2024,12,18,51,2,0,3,9.224,-2.4492935982947064e-16,1.0
2024-12-19,8.39,78.16,1017.5,6.81,0.0,Cloudy,2024,12,19,51,3,0,1,4.022,-2.4492935982947064e-16,1.0
2024-12-20,6.3,82.76,1017.55,5.81,0.0,Cloudy,2024,12,20,51,4,0,1,2.8520000000000008,-2.4492935982947064e-16,1.0
2024-12-21,2.17,77.58,1014.71,9.54,0.0,Cloudy,2024,12,21,51,5,1,1,-2.314,-2.4492935982947064e-16,1.0
2024-12-22,6.67,83.98,1016.75,7.47,0.0,Cloudy,2024,12,22,51,6,1,1,3.4660000000000006,-2.4492935982947064e-16,1.0
2024-12-23,8.21,75.14,1024.86,6.23,0.0,Cloudy,2024,12,23,52,0,0,1,3.2380000000000013,-2.4492935982947064e-16,1.0
2024-12-24,5.64,73.91,1018.44,5.6,0.0,Clear,2024,12,24,52,1,0,0,0.4219999999999988,-2.4492935982947064e-16,1.0
2024-12-25,8.3,85.78,1013.51,6.54,0.0,Cloudy,2024,12,25,52,2,0,1,5.456000000000001,-2.4492935982947064e-16,1.0
2024-12-26,8.89,84.9,1012.67,14.95,3.3074999999999997,Rainy,2024,12,26,52,3,0,3,5.870000000000002,-2.4492935982947064e-16,1.0
2024-12-27,7.86,91.33,1014.8,6.7,0.0,Foggy,2024,12,27,52,4,0,2,6.1259999999999994,-2.4492935982947064e-16,1.0
2024-12-28,6.43,80.19,1025.86,7.16,0.0,Cloudy,2024,12,28,52,5,1,1,2.467999999999999,-2.4492935982947064e-16,1.0
2024-12-29,8.99,86.79,1014.55,7.35,0.0,Cloudy,2024,12,29,52,6,1,1,6.348000000000002,-2.4492935982947064e-16,1.0
2024-12-30,9.8,87.65,1015.41,10.51,0.0,Cloudy,2024,12,30,1,0,0,1,7.330000000000002,-2.4492935982947064e-16,1.0
